Date,Open,High,Low,Close,Adj Close,Volume
7/9/2014,103.5,104.220001,103.360001,103.790001,102.491402,585300
7/10/2014,103.07,103.830002,102,103.669998,102.372902,1080200
7/11/2014,103.559998,103.870003,102.949997,103.790001,102.491402,694700
7/14/2014,104.279999,104.93,103.150002,103.260002,101.968033,733900
7/15/2014,103.160004,103.620003,101.970001,102.739998,101.454536,1088200
7/16/2014,103.199997,103.360001,102.389999,102.790001,101.503929,869100
7/17/2014,102.459999,102.900002,100.629997,100.709999,99.449944,804900
7/18/2014,100.769997,102.769997,99.980003,102.440002,101.158302,1131800
7/21/2014,101.980003,102.410004,101.019997,101.419998,100.151054,1008900
7/22/2014,103.809998,104.459999,101.339996,102.169998,100.89167,947900
7/23/2014,102.269997,103.68,101.910004,103.160004,101.869278,1733800
7/24/2014,99.279999,100.419998,98.400002,99.82,98.571068,2814600
7/25/2014,99.519997,101.040001,99.290001,100.809998,99.548691,1474900
7/28/2014,101.970001,102.029999,100.010002,100.57,99.311699,854300
7/29/2014,100.650002,101.309998,100.010002,100.93,99.667191,1186900
7/30/2014,101.300003,102.730003,101.279999,102.220001,100.941048,1821100
7/31/2014,101.370003,102.370003,100,100.07,98.817947,1809700
8/1/2014,100.080002,100.349998,99.019997,99.610001,98.363708,1020400
8/4/2014,99.610001,100.220001,98.459999,100.139999,98.887077,799100
8/5/2014,99.68,99.919998,98.129997,98.360001,97.129349,1125700
8/6/2014,98.099998,98.410004,95.959999,96.349998,95.144493,2995200
8/7/2014,97.019997,97.18,95.019997,95.309998,94.1175,1750700
8/8/2014,95.669998,96.18,94.730003,96.080002,94.877876,1368900
8/11/2014,96.57,96.959999,95.879997,96.32,95.114853,873900
8/12/2014,96.150002,97.110001,95.800003,96.709999,95.499977,1556300
8/13/2014,96.93,97.82,96.559998,97.68,96.457848,1034000
8/14/2014,97.68,98.139999,97.400002,97.830002,96.60598,1428400
8/15/2014,97.959999,98.150002,96.620003,97.480003,96.260345,1171400
8/18/2014,97.879997,99.32,97.879997,99.309998,98.067451,1591900
8/19/2014,99.610001,100.199997,99.410004,99.940002,98.689568,944000
8/20/2014,99.82,100.300003,99.349998,99.809998,98.561195,1156900
8/21/2014,99.980003,100.68,99.879997,100.620003,99.361069,630700
8/22/2014,100.440002,100.790001,99.449997,99.489998,98.245201,1014300
8/25/2014,100.239998,101.040001,99.980003,100.459999,99.203079,669800
8/26/2014,100.540001,101.209999,100.400002,100.760002,99.499313,752200
8/27/2014,100.860001,101.080002,99.720001,99.779999,98.53157,853300
8/28/2014,99.309998,99.650002,99,99.449997,98.205696,714900
8/29/2014,99.599998,99.599998,98.739998,99.309998,98.067451,1015700
9/2/2014,99.720001,99.720001,98.809998,99.290001,98.047707,1037600
9/3/2014,99.75,100.580002,99.419998,100.32,99.064819,1054000
9/4/2014,100.730003,102.529999,100.230003,100.650002,99.390694,1193100
9/5/2014,100.370003,101.080002,99.919998,101.07,99.805435,562900
9/8/2014,101,101.330002,100.57,100.919998,99.657318,825800
9/9/2014,101.559998,103.540001,101.559998,102.440002,101.158302,2060300
9/10/2014,102.809998,104.980003,102.099998,104.75,103.439392,2027300
9/11/2014,104.080002,105.379997,103.860001,105.230003,103.913391,1677400
9/12/2014,104.989998,105.68,104.440002,104.940002,103.627022,1470000
9/15/2014,104.93,104.93,104.190002,104.489998,103.182648,785300
9/16/2014,104.309998,105.160004,103.760002,104.940002,103.627022,985800
9/17/2014,104.889999,105.169998,103.57,103.970001,102.669151,1239500
9/18/2014,104.230003,104.300003,103.580002,104.25,102.945648,1450500
9/19/2014,104.68,104.919998,103.5,103.989998,102.688896,1243200
9/22/2014,103.550003,103.959999,103.029999,103.699997,102.402527,1015200
9/23/2014,102.230003,103.449997,102.099998,102.419998,101.138542,1388800
9/24/2014,102.370003,103.980003,102.120003,103.629997,102.333397,1268900
9/25/2014,103.239998,103.300003,101.25,101.25,99.983177,1915600
9/26/2014,101.330002,102.139999,101.160004,101.660004,100.388062,965100
9/29/2014,100.760002,101.699997,100.699997,101.459999,100.190552,605200
9/30/2014,101.589996,101.830002,100.550003,100.550003,99.291939,1025300
10/1/2014,100.629997,101.169998,99.5,100.760002,99.499313,1687100
10/2/2014,100.940002,102.589996,98.870003,102.199997,100.921295,2721600
10/3/2014,102.449997,102.93,102.169998,102.589996,101.306412,731300
10/6/2014,103.370003,104.440002,102.389999,102.989998,101.701408,966900
10/7/2014,102.5,102.760002,101.349998,101.400002,100.13131,684900
10/8/2014,101.82,103.709999,101.209999,103.540001,102.24453,805500
10/9/2014,103.129997,103.419998,101.519997,101.730003,100.457169,1156700
10/10/2014,102,103.720001,101.059998,101.080002,99.815308,882600
10/13/2014,100.919998,101.050003,98.629997,98.730003,97.49472,1014300
10/14/2014,99.230003,99.470001,97.18,97.540001,96.319595,1300900
10/15/2014,95.809998,97.870003,95.330002,97.720001,96.497345,2268300
10/16/2014,96,97.059998,95.75,95.949997,94.749496,1781700
10/17/2014,96.860001,97.940002,96.620003,97.519997,96.29985,912800
10/20/2014,97.559998,99.260002,97.089996,99.190002,97.948967,1101500
10/21/2014,99.650002,101.43,99.629997,101.32,100.052299,1027200
10/22/2014,101.839996,101.900002,99.879997,100.199997,98.946312,1335700
10/23/2014,103.480003,106.300003,102.68,104.57,103.261635,1697600
10/24/2014,104.57,105.5,104.550003,105.290001,103.972633,573900
10/27/2014,105.169998,105.900002,104.720001,104.980003,103.666519,574700
10/28/2014,105.620003,108.370003,105.239998,108.099998,106.747482,1701200
10/29/2014,108.099998,108.949997,107.739998,108.150002,106.796852,1360000
10/30/2014,107.970001,109.550003,107.510002,109.279999,107.912712,787400
10/31/2014,110.349998,111.290001,110,111.239998,109.84819,1486200
11/3/2014,111.18,111.5,109.5,110.410004,109.02858,789400
11/4/2014,110.099998,110.629997,108.940002,109.209999,107.843582,1020100
11/5/2014,110.470001,111.099998,109.440002,110.989998,109.601318,1196100
11/6/2014,110.959999,111.360001,110.160004,110.190002,108.811333,741800
11/7/2014,109.809998,110,107.809998,108.190002,106.836342,829800
11/10/2014,108.610001,110.510002,108.199997,110.419998,109.038452,802100
11/11/2014,110.489998,111.510002,109.769997,111.07,109.680321,568500
11/12/2014,110.779999,111.029999,110.269997,110.870003,109.482826,783000
11/13/2014,111.230003,111.230003,110.150002,110.610001,109.226074,811800
11/14/2014,110.660004,110.830002,109.75,110.120003,108.74221,702700
11/17/2014,110.120003,110.900002,109.940002,110.68,109.295204,964600
11/18/2014,110.25,111.970001,110.139999,111.5,110.104935,688700
11/19/2014,111.190002,111.269997,110.419998,110.550003,109.166832,518700
11/20/2014,109.699997,110.440002,109.010002,110.120003,108.74221,985700
11/21/2014,111.230003,111.629997,109.699997,110.480003,109.097702,821200
11/24/2014,110.120003,110.440002,108.760002,110.080002,108.702698,1355400
11/25/2014,110.5,111.199997,110.269997,111.080002,109.690186,923600
11/26/2014,111.360001,111.769997,110.980003,111.629997,110.233307,595000
11/28/2014,111.629997,113,111.629997,112.290001,110.885056,426900
12/1/2014,112.190002,112.620003,111.309998,111.470001,110.075317,613000
12/2/2014,111.739998,114.980003,111.650002,114.43,112.998276,1504900
12/3/2014,114.309998,114.410004,113.260002,113.650002,112.228043,975700
12/4/2014,113.209999,114.559998,113.120003,113.959999,112.534164,731900
12/5/2014,114.290001,115.879997,113.610001,114.959999,113.521645,1018700
12/8/2014,114.959999,115.550003,114.690002,114.849998,113.413025,643600
12/9/2014,113.419998,114.059998,113.169998,113.730003,112.30703,986400
12/10/2014,113.809998,113.830002,111.260002,111.510002,110.114815,920500
12/11/2014,112.029999,113.779999,112.029999,113.239998,111.823174,961700
12/12/2014,112.160004,112.989998,111.339996,111.339996,109.94693,875300
12/15/2014,112.07,112.349998,109.839996,110.260002,108.880455,750600
12/16/2014,110.150002,111.610001,108.769997,108.790001,107.428841,1039700
12/17/2014,109.610001,112.129997,109.129997,111.919998,110.519684,924200
12/18/2014,113.339996,114.940002,112.639999,114.940002,113.5019,957800
12/19/2014,115.629997,116.040001,114.050003,114.910004,113.472275,1271700
12/22/2014,115.07,115.739998,114.360001,115.050003,113.610527,627800
12/23/2014,115.529999,116.139999,113.160004,113.470001,112.050285,1287400
12/24/2014,113.510002,114.68,113.230003,114.110001,112.682281,304600
12/26/2014,114.160004,115.18,113.949997,114.169998,112.741539,400000
12/29/2014,113.75,114.309998,113.25,113.5,112.079926,450300
12/30/2014,113.489998,115.550003,113.459999,114.57,113.136528,625300
12/31/2014,115.059998,115.75,113.389999,113.419998,112.000908,689900
1/2/2015,114.209999,114.610001,111.779999,112.589996,111.181297,909300
1/5/2015,114.010002,117.190002,114.010002,116.790001,115.328751,2159100
1/6/2015,117.160004,117.230003,115.129997,115.800003,114.351135,1782100
1/7/2015,116.199997,119.580002,116.010002,118.68,117.195099,1462000
1/8/2015,119.040001,120.599998,118.769997,119.940002,118.439339,1406800
1/9/2015,118.059998,119.5,117.5,118.209999,116.73098,2124100
1/12/2015,118.209999,118.769997,117.68,118.489998,117.007477,1001500
1/13/2015,119,120.699997,117.720001,118.75,117.264221,1613800
1/14/2015,116.949997,117.690002,115.769997,117.18,115.713867,1042800
1/15/2015,117.199997,117.610001,114.959999,114.980003,113.541397,1531200
1/16/2015,114.849998,117.110001,114.849998,117,115.536118,1232900
1/20/2015,117.730003,118.389999,114.82,115.889999,114.440018,926600
1/21/2015,115.699997,116.559998,114.919998,115.879997,114.430138,642800
1/22/2015,116.269997,118.419998,115.779999,118.349998,116.86924,711300
1/23/2015,118.349998,118.550003,116.949997,116.980003,115.516373,577700
1/26/2015,116.889999,117.089996,116.029999,117.07,115.605247,1188100
1/27/2015,116.160004,117.349998,115.290001,116.230003,114.775757,796800
1/28/2015,116.370003,117.540001,114.349998,114.5,113.067398,1590100
1/29/2015,112.650002,114.389999,111.199997,112.519997,111.112167,3235000
1/30/2015,111.989998,114.639999,111.959999,112.099998,110.697433,1939700
2/2/2015,112.480003,114.120003,111.059998,113.980003,112.553917,1099400
2/3/2015,115.43,116.870003,114.489998,116.660004,115.200378,1689200
2/4/2015,115.349998,116.269997,115.150002,115.519997,114.074638,1110300
2/5/2015,116.379997,117.370003,116.010002,117.099998,115.634872,944500
2/6/2015,116.900002,117.449997,115.779999,116.150002,114.696762,1057200
2/9/2015,115.160004,115.959999,114.410004,114.769997,113.334023,1324600
2/10/2015,116.190002,117.410004,115.120003,117.07,115.605247,1011000
2/11/2015,117.07,117.879997,116.599998,116.900002,115.43737,1161500
2/12/2015,118.32,118.360001,116.699997,118.150002,116.671738,977200
2/13/2015,117.900002,119.360001,117.82,119.330002,117.836967,1084900
2/17/2015,119.330002,120.660004,118.790001,120.389999,118.883713,1229000
2/18/2015,120.550003,120.620003,119.730003,120.300003,118.79483,1109600
2/19/2015,120.120003,120.660004,119.839996,120.199997,118.696083,720300
2/20/2015,119.870003,121.690002,119.620003,121.589996,120.068687,1058200
2/23/2015,121.589996,121.589996,120.730003,121.309998,119.792198,770100
2/24/2015,121.07,121.839996,120.699997,121.760002,120.236572,819500
2/25/2015,121.449997,121.75,120.440002,120.519997,119.012085,986300
2/26/2015,120.519997,121.389999,119.860001,121.330002,119.811951,579400
2/27/2015,120.980003,121.370003,120.300003,120.389999,118.883713,698100
3/2/2015,120.389999,121.540001,120.199997,121.389999,119.871193,1266800
3/3/2015,121.190002,121.279999,118.709999,119.269997,117.77771,873300
3/4/2015,119.150002,119.660004,117.970001,118.760002,117.274101,1026300
3/5/2015,119.139999,119.739998,118.629997,119.18,117.688843,1145400
3/6/2015,119.129997,119.139999,116.239998,116.349998,114.894257,1243200
3/9/2015,116.949997,117.230003,116.190002,116.949997,115.486748,1204200
3/10/2015,115.540001,116.709999,115.230003,115.510002,114.064774,1170000
3/11/2015,116.150002,116.959999,115.849998,116.230003,114.775757,1020200
3/12/2015,116.629997,117.660004,116.440002,117.199997,115.73362,1259900
3/13/2015,117.559998,118.199997,115.379997,116.25,114.795509,1323100
3/16/2015,116.650002,118.230003,116.650002,118.019997,116.54335,761000
3/17/2015,117.300003,117.300003,114.510002,115.279999,113.837631,2853300
3/18/2015,115.190002,119.919998,114.699997,119.209999,117.71846,2314900
3/19/2015,118.599998,118.769997,118.050003,118.559998,117.076607,1249200
3/20/2015,119.309998,119.730003,118.330002,118.760002,117.274101,1390200
3/23/2015,118.760002,119.32,118.080002,118.470001,116.987732,847500
3/24/2015,118.010002,118.68,117.309998,117.309998,115.842232,1142300
3/25/2015,117.330002,118.199997,115.199997,115.309998,113.867271,1009900
3/26/2015,115.339996,116.620003,114.660004,115.650002,114.203011,792900
3/27/2015,115.699997,117.93,115.529999,117.5,116.029861,1288900
3/30/2015,118.059998,118.989998,117.769997,118.57,117.086472,723100
3/31/2015,117.860001,118.209999,117.120003,117.519997,116.049614,960800
4/1/2015,118.220001,118.470001,115.709999,116.190002,114.736259,1049500
4/2/2015,116.339996,117.660004,115.779999,116.919998,115.457115,632400
4/6/2015,116.139999,117.629997,115.82,117.360001,115.891617,622500
4/7/2015,117.190002,117.989998,115.970001,116.010002,114.558517,634700
4/8/2015,116.089996,116.889999,115.230003,116.120003,114.667137,672000
4/9/2015,116.300003,117.32,115.589996,117.199997,115.73362,840800
4/10/2015,117.529999,117.860001,117.07,117.449997,115.980476,958600
4/13/2015,117.739998,118.339996,115.970001,116.209999,114.755997,1176700
4/14/2015,116.400002,117.110001,115.230003,115.959999,114.509132,1240800
4/15/2015,116.18,116.620003,115.550003,115.620003,114.173393,986800
4/16/2015,115.43,115.839996,114.980003,115.360001,113.916634,1002600
4/17/2015,114.989998,115.099998,113.709999,114.610001,113.176025,1092600
4/20/2015,115.080002,116.449997,114.879997,115.919998,114.469627,583300
4/21/2015,116.389999,117.790001,116.339996,117.370003,115.901489,824400
4/22/2015,117.120003,118.269997,116.57,117.489998,116.019989,731600
4/23/2015,117.360001,119.099998,116.709999,118.57,117.086472,740500
4/24/2015,118.089996,118.919998,117.730003,118.760002,117.274101,737600
4/27/2015,119,119,116.349998,116.610001,115.151001,820400
4/28/2015,116.040001,117.160004,114.519997,116.730003,115.269501,1130200
4/29/2015,116.43,116.790001,114.830002,115.339996,113.896889,1305100
4/30/2015,111.589996,112.010002,108.540001,109.839996,108.465698,3317600
5/1/2015,110.169998,111.129997,109.480003,110.43,109.048332,1413500
5/4/2015,110.720001,111.650002,110.410004,110.68,109.295204,1297700
5/5/2015,110.690002,110.870003,109.550003,110.510002,109.127319,2116200
5/6/2015,110.860001,111.330002,109.230003,110.099998,108.72245,1919400
5/7/2015,110.379997,111.330002,110.07,111.040001,109.650696,1668300
5/8/2015,112.199997,113.099998,111.709999,112.949997,111.536789,1244700
5/11/2015,112.57,113.75,112.379997,113.18,111.763916,1409600
5/12/2015,112.510002,112.940002,111.629997,112.239998,110.835678,2028800
5/13/2015,112.639999,112.709999,111.730003,111.839996,110.440681,953100
5/14/2015,112.739998,113.650002,112.139999,113.57,112.149033,1270500
5/15/2015,113.529999,113.760002,112.809998,113.18,111.763916,783300
5/18/2015,113.360001,114.559998,113.120003,114.279999,112.850159,598000
5/19/2015,114.209999,114.760002,113.730003,114.339996,112.909393,706900
5/20/2015,114.379997,114.910004,113.919998,114.339996,112.909393,441200
5/21/2015,114.019997,114.529999,113.900002,114.459999,113.027916,584000
5/22/2015,114.080002,114.470001,113.230003,113.769997,112.346527,1013300
5/26/2015,113.790001,113.790001,112.709999,113.089996,111.675041,1136600
5/27/2015,113.690002,114.43,112.709999,114.269997,112.840279,869300
5/28/2015,113.949997,114.349998,112.75,113.389999,111.971283,1830900
5/29/2015,112.989998,114.870003,112.559998,114.089996,112.662529,1795100
6/1/2015,114.580002,115.220001,113.940002,114.769997,113.334023,887100
6/2/2015,114.139999,114.830002,113.989998,114.160004,112.731651,684400
6/3/2015,114.269997,114.68,113.660004,113.900002,112.474907,720000
6/4/2015,112.93,114.190002,112.82,113.07,111.655289,895700
6/5/2015,113,113.400002,112.339996,113.25,111.833038,952000
6/8/2015,113.540001,114.470001,113.089996,113.139999,111.724411,876100
6/9/2015,113.07,113.889999,112.57,112.639999,111.230667,855400
6/10/2015,113.260002,114.010002,112.589996,113.660004,112.237907,1300200
6/11/2015,113.889999,114.360001,113.610001,114.110001,112.682281,1405700
6/12/2015,113.330002,113.709999,112.050003,112.199997,110.796173,1243000
6/15/2015,111.519997,112.019997,110.949997,111.669998,110.272812,1100100
6/16/2015,111.639999,112.839996,111.279999,112.550003,111.1418,755400
6/17/2015,113.019997,113.279999,111.739998,112.5,111.092422,656400
6/18/2015,113.040001,113.769997,112.959999,113.300003,111.882416,1012900
6/19/2015,113.400002,113.769997,112.57,112.660004,111.250427,1616600
6/22/2015,113.279999,113.919998,112.980003,113.400002,111.981163,824600
6/23/2015,113.699997,113.769997,112.199997,112.68,111.270164,825700
6/24/2015,112.5,115.5,112.160004,113.519997,112.099663,3486800
6/25/2015,113.529999,114.209999,112.919998,113.269997,111.852783,1580400
6/26/2015,113.699997,114.089996,113.110001,113.559998,112.139153,1802600
6/29/2015,107,114.410004,97.480003,109.290001,107.922577,1561000
6/30/2015,110.5,110.900002,108.75,109.230003,107.863335,2225300
7/1/2015,110,111.349998,109.010002,109.209999,107.843582,1239900
7/2/2015,110,110.980003,107,108.190002,106.836342,1402400
7/6/2015,108.190002,109.540001,107.610001,108.790001,107.428841,1523400
7/7/2015,108.900002,109.82,107.989998,109.769997,108.396576,795800
7/8/2015,108.580002,109.290001,107.709999,107.940002,106.589485,1127300
7/9/2015,109,109.489998,106.769997,106.839996,105.503242,1244400
7/10/2015,107.849998,108.93,106.669998,106.809998,105.47361,1893200
7/13/2015,107.269997,108.449997,107.110001,107.629997,106.283356,959600
7/14/2015,108.120003,108.239998,107.129997,107.400002,106.056236,797600
7/15/2015,107.860001,108,107.019997,107.129997,105.789604,950800
7/16/2015,107.860001,108.199997,107.379997,107.769997,106.4216,1038300
7/17/2015,107.080002,108.050003,106.900002,107.5,106.154976,890000
7/20/2015,107.639999,108.330002,107.459999,108.029999,106.678352,1042500
7/21/2015,108.059998,108.68,107.220001,108.260002,106.905487,1006500
7/22/2015,108.190002,109.040001,107.82,108.540001,107.181976,1453900
7/23/2015,108.129997,108.900002,107.589996,107.849998,106.500603,916600
7/24/2015,107.529999,108.010002,106.599998,106.660004,105.3255,693900
7/27/2015,106.400002,106.5,105.559998,105.779999,104.456497,739400
7/28/2015,105.330002,106.660004,105.160004,106.5,105.167503,975600
7/29/2015,106.82,107.470001,106.220001,107,105.66124,1188200
7/30/2015,107,107.559998,104.43,104.849998,103.538132,2252400
7/31/2015,104.849998,105.449997,103.690002,104.07,102.767891,1546800
8/3/2015,104.470001,105.089996,103.75,104.330002,103.024643,1520000
8/4/2015,104.459999,105.32,102.900002,103.129997,101.839653,1043900
8/5/2015,104.010002,104.449997,103.440002,103.879997,102.580269,1058900
8/6/2015,103.660004,103.760002,101.290001,101.690002,100.417679,1458300
8/7/2015,101.790001,101.900002,100.360001,101.730003,100.457169,1423300
8/10/2015,102.730003,103.599998,101.959999,103.43,102.13591,1206800
8/11/2015,103.07,104.339996,102.699997,104.169998,102.866653,1688800
8/12/2015,103.18,103.68,101.699997,103.68,102.382782,1137500
8/13/2015,105.699997,110.809998,103.400002,104.360001,103.054276,1279300
8/14/2015,104.400002,105.650002,102.879997,105.529999,104.209625,1476600
8/17/2015,104.699997,106.440002,104.239998,106.389999,105.058876,1058500
8/18/2015,105.970001,106.379997,105.489998,105.970001,104.644127,910600
8/19/2015,105.32,106.900002,104.5,106.139999,104.811996,1251800
8/20/2015,104.879997,105.660004,104.589996,104.879997,103.567764,1457600
8/21/2015,104.559998,105.709999,103.989998,104.360001,103.054276,2229300
8/24/2015,101.110001,101.110001,94.730003,99.57,98.324196,2782100
8/25/2015,104.43,104.529999,98.029999,98.029999,96.803467,1495600
8/26/2015,99.169998,101.160004,98.029999,101.019997,99.75605,1301300
8/27/2015,100.959999,103.449997,100.919998,103.410004,102.116165,1474700
8/28/2015,103,104.480003,101.669998,104.370003,103.064156,1493600
8/31/2015,103.599998,104.889999,103.449997,103.559998,102.264282,1626600
9/1/2015,102.75,102.75,100.089996,100.650002,99.390694,1598700
9/2/2015,100.989998,101.660004,100.32,101.629997,100.358421,1293500
9/3/2015,101.790001,103.529999,101.110001,102.089996,100.812668,1280200
9/4/2015,100.559998,101.389999,100.040001,100.459999,99.203079,1669500
9/8/2015,101.980003,102.739998,101.370003,102.690002,101.405167,1233300
9/9/2015,103.349998,104,100.889999,101.230003,99.963432,1498200
9/10/2015,98.889999,100.989998,98.400002,100.099998,98.847565,1614900
9/11/2015,100.440002,100.519997,99.68,100.199997,98.946312,1343600
9/14/2015,95.129997,100.339996,95.129997,99.040001,97.800835,1473300
9/15/2015,100.050003,102.949997,99.110001,99.970001,98.7192,1015400
9/16/2015,100.220001,101.019997,99.019997,100.739998,99.479568,1146300
9/17/2015,101.32,102.199997,100.370003,100.889999,99.627686,780800
9/18/2015,99.980003,100.07,98.949997,99.199997,97.958832,1611800
9/21/2015,99.32,100.620003,98.080002,98.190002,96.961472,1711900
9/22/2015,97.769997,97.900002,96.849998,97.580002,96.3591,2274500
9/23/2015,97.370003,99.82,96.989998,97.349998,96.131981,862900
9/24/2015,96.510002,97.589996,95.190002,95.620003,94.42363,1327800
9/25/2015,96.089996,96.940002,93.610001,94.440002,93.258385,1577500
9/28/2015,93.989998,94.059998,90.919998,92.410004,91.253784,2275000
9/29/2015,92.230003,94.239998,92.110001,93.790001,92.616524,2290200
9/30/2015,94.550003,94.910004,93.129997,93.93,92.754776,1951000
10/1/2015,93.82,94.120003,92,93.959999,92.784386,1557300
10/2/2015,88.769997,95.279999,88.769997,95.269997,94.077995,1314200
10/5/2015,95.849998,96.309998,94.889999,95.5,94.30513,1312700
10/6/2015,95.440002,96.099998,93.139999,93.989998,92.814026,2332500
10/7/2015,94.610001,95.059998,94.099998,94.889999,93.702751,597400
10/8/2015,94.650002,95.550003,93.650002,95.440002,94.24588,952100
10/9/2015,95.580002,96.660004,95.309998,96.449997,95.243233,968100
10/12/2015,96.239998,96.830002,95.489998,96.510002,95.302483,979900
10/13/2015,95.870003,96.730003,95.559998,96.089996,94.887749,1387700
10/14/2015,96.309998,96.349998,95.080002,95.190002,93.998993,866000
10/15/2015,95.190002,98.089996,95,97.919998,96.694847,1543200
10/16/2015,98.029999,98.860001,97.809998,98.540001,97.307091,1448200
10/19/2015,98.139999,99.269997,97.730003,98.190002,96.961472,1019600
10/20/2015,97.889999,98.040001,96.93,97.709999,96.48748,713800
10/21/2015,97.849998,98.410004,96.730003,96.900002,95.687614,1211300
10/22/2015,96.900002,97.629997,94.209999,94.389999,93.209023,1928400
10/23/2015,94.860001,96.519997,93.919998,94.559998,93.376892,1963600
10/26/2015,94.239998,94.790001,93.690002,94.669998,93.485512,940000
10/27/2015,94.190002,95.5,93.93,95.190002,93.998993,1121400
10/28/2015,95.220001,98.489998,94.080002,97.870003,96.64547,1698400
10/29/2015,102.169998,105.57,102.099998,104.870003,103.557892,2597300
10/30/2015,104.75,105.849998,103.519997,104.57,103.261635,1896800
11/2/2015,104.779999,107.110001,104.599998,106.949997,105.611847,1429100
11/3/2015,106.769997,107,105.720001,106.400002,105.068756,1103400
11/4/2015,107.540001,108.029999,107,107.790001,106.441353,1134100
11/5/2015,107.400002,108.160004,106.720001,107.849998,106.500603,1060300
11/6/2015,107.349998,108.099998,106.309998,107.279999,105.937744,1409400
11/9/2015,107.160004,107.410004,106.5,106.919998,105.582237,736800
11/10/2015,107.209999,107.739998,106.760002,107.260002,105.917984,597800
11/11/2015,107.330002,107.730003,106.43,106.629997,105.295868,464500
11/12/2015,102.279999,105.629997,102.279999,104.650002,103.340645,1374500
11/13/2015,104.57,105.220001,103.970001,104.290001,102.985146,737700
11/16/2015,104.629997,105.610001,103.769997,105.589996,104.268883,777800
11/17/2015,105.209999,106.160004,104.650002,104.75,103.439392,698700
11/18/2015,104.75,105.849998,104.110001,104.970001,103.656639,1236600
11/19/2015,105,105,102.489998,104.07,102.767891,1051100
11/20/2015,104.519997,108.989998,103.269997,103.739998,102.442024,1642900
11/23/2015,103.75,103.970001,102.25,102.849998,101.563156,1001600
11/24/2015,102.099998,102.389999,101.110001,101.919998,100.644791,1275600
11/25/2015,102.18,102.220001,101.019997,101.290001,100.02269,979200
11/27/2015,101.529999,101.870003,100.519997,101,99.736313,891000
11/30/2015,101.110001,101.949997,100.900002,101.010002,99.746178,1553900
12/1/2015,102.010002,102.989998,101.800003,102.720001,101.434799,1668900
12/2/2015,102.720001,103.25,102.230003,102.260002,100.980553,1582600
12/3/2015,102.339996,102.720001,99.089996,99.360001,98.116829,1903800
12/4/2015,99.650002,101.190002,99.360001,100.550003,99.291939,1100000
12/7/2015,100.440002,100.989998,99.589996,100.410004,99.153694,988800
12/8/2015,99.800003,100.459999,99.080002,99.779999,98.53157,1245900
12/9/2015,99.339996,101.620003,98.809998,100,98.748833,1832700
12/10/2015,100.629997,100.629997,99.300003,99.970001,98.7192,1151500
12/11/2015,98.75,99.830002,98.519997,98.959999,97.721825,936500
12/14/2015,99.029999,99.709999,98.080002,99.489998,98.245201,1090900
12/15/2015,100.199997,101.25,99.459999,101.059998,99.795555,1394700
12/16/2015,101.220001,102.269997,100.099998,101.93,100.654663,1031000
12/17/2015,101.93,102.349998,100.57,100.709999,99.449944,1344800
12/18/2015,100.199997,100.239998,98.879997,98.959999,97.721825,1190500
12/21/2015,99.360001,100.660004,98.910004,100.230003,98.975945,1163800
12/22/2015,100.75,102,99.970001,101.730003,100.457169,736500
12/23/2015,102.239998,103.029999,101.730003,102.769997,101.484161,627300
12/24/2015,102.419998,103.519997,102.419998,102.910004,101.622414,233500
12/28/2015,102.309998,102.720001,101.889999,102.25,100.970665,337100
12/29/2015,100.769997,103.160004,100.769997,102.769997,101.484161,377100
12/30/2015,102.849998,103.269997,102.160004,102.470001,101.18792,350500
12/31/2015,101.980003,103.129997,101.660004,102.589996,101.306412,659600
1/4/2016,101.120003,103.059998,100.169998,101.809998,100.536179,2042800
1/5/2016,102,104.459999,101.599998,103.93,102.629654,2227900
1/6/2016,102.510002,105.269997,102.370003,104.379997,103.074013,2671100
1/7/2016,102.160004,103.639999,101.43,101.980003,100.704056,1776300
1/8/2016,102.209999,103.07,101.370003,101.550003,100.279434,1622300
1/11/2016,101.690002,102.290001,98.620003,99.800003,98.551331,1578800
1/12/2016,100.68,103.419998,99.889999,102.870003,101.582909,1840500
1/13/2016,103.5,105.290001,100.870003,101.199997,99.933815,1974300
1/14/2016,101.43,103.739998,100.949997,102.699997,101.415039,1184100
1/15/2016,100.230003,102.309998,99.25,101.080002,99.815308,1516100
1/19/2016,101.790001,101.93,98.07,99.239998,97.998322,1872100
1/20/2016,97.879997,99.07,94.849998,98.279999,97.050339,1704100
1/21/2016,98.519997,98.879997,97.209999,98.18,96.951591,940500
1/22/2016,99.269997,99.769997,98.209999,99.150002,97.909462,921600
1/25/2016,98.470001,99.790001,98.470001,99.059998,97.82058,1072300
1/26/2016,99.580002,102.099998,99.370003,101.739998,100.467049,1468600
1/27/2016,101.889999,103.699997,100.940002,101.639999,100.368301,1970000
1/28/2016,103.010002,103.940002,97.099998,97.550003,96.329475,2307000
1/29/2016,98.279999,99.419998,97.32,99.260002,98.018082,2242600
2/1/2016,98.279999,99.760002,97.760002,99.029999,97.790955,1561400
2/2/2016,98.43,99.370003,97.800003,98.040001,96.813339,1204800
2/3/2016,98.730003,98.860001,95.849998,97.260002,96.043106,1417900
2/4/2016,97.669998,98.580002,96.940002,97.550003,96.329475,1553400
2/5/2016,96.059998,96.489998,94.709999,95.010002,93.821251,3952400
2/8/2016,94.949997,95.139999,90.309998,92.029999,90.878548,2825800
2/9/2016,91.610001,92.93,90.760002,91.900002,90.750175,1538700
2/10/2016,92.089996,94.550003,92.089996,92.910004,91.747528,1279100
2/11/2016,91.830002,92.419998,90.82,91.68,90.532921,1507400
2/12/2016,88.449997,92.339996,88.269997,91.779999,90.63166,1215000
2/16/2016,91.919998,93.669998,91.519997,93.620003,92.448654,1316200
2/17/2016,94.110001,95.849998,93.940002,95.370003,94.176758,1284500
2/18/2016,95.370003,95.980003,94.690002,95.089996,93.900253,849300
2/19/2016,94.940002,95.089996,94.089996,94.790001,93.604004,717500
2/22/2016,95.639999,96.040001,94.610001,95.139999,93.949631,1111900
2/23/2016,94.790001,95.489998,92.93,93.559998,92.389397,1445700
2/24/2016,93.470001,94.620003,92.879997,94.349998,93.16951,872200
2/25/2016,95.029999,96.889999,94.629997,96.889999,95.677734,1453400
2/26/2016,96.900002,98.239998,96.559998,97.529999,96.309723,1063700
2/29/2016,97.5,98.220001,96.660004,96.809998,95.598732,1495600
3/1/2016,97,97.730003,95.440002,97.389999,96.171478,1483800
3/2/2016,97.43,98,96.139999,97.440002,96.220856,1068300
3/3/2016,97.019997,99.07,97.019997,98.889999,97.652702,1201400
3/4/2016,98.080002,99.830002,97.839996,99.290001,98.047707,1133400
3/7/2016,98.459999,100.720001,98.389999,100.68,99.420311,1932400
3/8/2016,100,101.220001,99.419998,100.550003,99.291939,1255900
3/9/2016,100.650002,101.230003,100.059998,100.379997,99.124062,747700
3/10/2016,101.550003,101.550003,100.419998,100.860001,99.598061,1850000
3/11/2016,101.860001,104.599998,101.860001,104.599998,103.291267,2302900
3/14/2016,104,105.480003,103.760002,105.050003,103.735626,1961800
3/15/2016,104.389999,105.050003,104.099998,104.309998,103.004898,1299600
3/16/2016,104.099998,105.089996,103.330002,104.260002,102.955521,921200
3/17/2016,104.010002,104.940002,102.900002,103.589996,102.2939,758200
3/18/2016,103.650002,104.720001,103.220001,104.510002,103.2024,1381800
3/21/2016,104.160004,104.730003,103.290001,104.379997,103.074013,702100
3/22/2016,103.349998,104.82,103.169998,104.410004,103.103645,942300
3/23/2016,104.580002,105,103.779999,104.43,103.123398,921800
3/24/2016,103.580002,104.309998,103.07,103.739998,102.442024,852400
3/28/2016,105.260002,105.93,103.760002,104.339996,103.034515,783300
3/29/2016,104.43,105.949997,103.949997,105.839996,104.515747,981300
3/30/2016,106.410004,107.010002,105.93,106.699997,105.364998,1356100
3/31/2016,106.879997,107.220001,106.25,106.629997,105.295868,1322800
4/1/2016,106.309998,107.639999,105.830002,107.370003,106.026611,1658600
4/4/2016,107.720001,108.620003,106.550003,106.860001,105.522995,1525700
4/5/2016,106.07,107.169998,105.529999,105.980003,104.654007,1348500
4/6/2016,105.860001,108.57,105.650002,108.089996,106.737602,1366300
4/7/2016,107.809998,108.199997,107.169998,108.150002,106.796852,1694400
4/8/2016,108.5,109.169998,108.5,108.959999,107.59671,1319100
4/11/2016,109.059998,109.709999,108.669998,109.300003,107.932465,1396000
4/12/2016,109.690002,111.739998,109.379997,111.57,110.174057,1895500
4/13/2016,111.830002,114.519997,111.660004,114.449997,113.018021,2541600
4/14/2016,114.300003,115.760002,114.059998,115.43,113.985764,1534200
4/15/2016,115,115.050003,112.080002,114.029999,112.603279,1806300
4/18/2016,113.660004,113.949997,112.949997,113.610001,112.188545,1145800
4/19/2016,114.120003,114.589996,113.440002,113.839996,112.415657,1169400
4/20/2016,113.839996,115.410004,113.360001,114.839996,113.403145,1298500
4/21/2016,114.510002,115.940002,113.730003,114.400002,112.968651,1230100
4/22/2016,114.620003,115.209999,114.209999,114.760002,113.32415,987100
4/25/2016,114.110001,115,113.739998,114.660004,113.225395,1020300
4/26/2016,115,115.550003,114.459999,115.209999,113.768517,931500
4/27/2016,115.540001,117,115.32,115.889999,114.440018,1378700
4/28/2016,116.010002,117.769997,114.510002,115,113.561142,2483600
4/29/2016,115,116.440002,114.349998,115.769997,114.32151,1969300
5/2/2016,115.769997,116.129997,114.5,115.93,114.4795,1632700
5/3/2016,115.690002,115.940002,114.540001,114.900002,113.462395,1150800
5/4/2016,114.459999,114.980003,113.739998,114.690002,113.25502,1315400
5/5/2016,114.900002,115.970001,114.269997,115.940002,114.489388,904500
5/6/2016,115.910004,116.080002,114.389999,115.400002,113.956146,851600
5/9/2016,115.830002,117.290001,115.599998,116.43,114.973244,1276500
5/10/2016,116.519997,117.480003,116.309998,117.379997,115.911354,920600
5/11/2016,117.25,118.559998,116.889999,116.93,115.46701,903200
5/12/2016,117.230003,117.949997,116.120003,117.440002,115.970619,1283600
5/13/2016,117.089996,118.610001,116.610001,117.440002,115.970619,1667000
5/16/2016,117.480003,119.989998,117.449997,119.599998,118.103584,1545900
5/17/2016,119.059998,119.839996,117.849998,118.5,117.017357,1060200
5/18/2016,118.25,119.720001,117.849998,118.82,117.333359,929400
5/19/2016,118.230003,118.940002,116.93,118.190002,116.711235,1002600
5/20/2016,118.779999,119.709999,118.370003,119.330002,117.836967,1650700
5/23/2016,119.379997,119.970001,118.959999,119.43,117.935715,1147600
5/24/2016,119.75,120.900002,119.43,120.760002,119.249077,1616900
5/25/2016,121.199997,122.269997,120.910004,121.93,120.404434,1593000
5/26/2016,121.790001,122.629997,121.029999,122.489998,120.957428,1260700
5/27/2016,122.339996,123.43,122.059998,123.07,121.530167,1022700
5/31/2016,122.910004,123,121.269997,122.110001,120.582184,2028900
6/1/2016,122.110001,122.410004,121.019997,122.150002,120.621689,953000
6/2/2016,122.150002,122.910004,121.669998,122.910004,121.372177,862200
6/3/2016,122.720001,122.769997,121.230003,121.82,120.295815,1246800
6/6/2016,121.809998,122.290001,121.150002,121.540001,120.019318,2121700
6/7/2016,121.050003,121.120003,116.220001,119.43,117.935715,4130700
6/8/2016,119.43,120.080002,118.110001,119.760002,118.261597,1648600
6/9/2016,119.300003,120.129997,118.809998,119.400002,117.906097,1114800
6/10/2016,118.959999,119.269997,118.220001,119.230003,117.738228,1098800
6/13/2016,118.470001,119.959999,118.169998,118.239998,116.760612,1578100
6/14/2016,115.040001,116.830002,115.040001,116.82,115.358391,6192000
6/15/2016,117,117.150002,116.129997,116.419998,114.963371,1842200
6/16/2016,116.080002,116.779999,114.949997,116.709999,115.249741,2138400
6/17/2016,116.669998,116.879997,115.449997,116.480003,115.022636,2234600
6/20/2016,117.510002,119.040001,117.330002,117.650002,116.177994,2626600
6/21/2016,118.589996,119.050003,117.82,118.589996,117.106224,2469900
6/22/2016,118.400002,119.529999,118.230003,118.629997,117.145737,1431400
6/23/2016,119.379997,120.919998,119.160004,120.919998,119.407082,1941900
6/24/2016,117.779999,118.900002,116.400002,116.690002,115.230003,6623800
6/27/2016,116.510002,116.720001,114.110001,115.339996,113.896889,1726800
6/28/2016,116.620003,117.419998,115.519997,117.32,115.852127,1379300
6/29/2016,118.239998,119.330002,117.870003,119.150002,117.659225,1309500
6/30/2016,119.669998,120.379997,118.68,120.379997,118.873825,1499000
7/1/2016,120.629997,121.059998,120.25,120.68,119.170082,863300
7/5/2016,120.589996,120.620003,119.220001,119.949997,118.449203,1189400
7/6/2016,119.82,121.870003,119.330002,121.779999,120.256325,1837800
7/7/2016,121.599998,122.800003,121.580002,122.019997,120.493317,1475600
7/8/2016,122.93,124.980003,121.889999,124.889999,123.327408,1370400
7/11/2016,124.790001,125.489998,124.370003,125.080002,123.515022,1220300
7/12/2016,125.120003,126.18,124.849998,125.459999,123.890266,1085700
7/13/2016,125.339996,125.629997,124.919998,125.57,123.998894,1055300
7/14/2016,126.080002,126.650002,125.57,126.290001,124.709885,1014400
7/15/2016,126.650002,126.790001,125.150002,125.419998,123.850769,846800
7/18/2016,125.260002,126.080002,124.540001,124.82,123.258278,1181400
7/19/2016,124.75,125.290001,123.800003,124.519997,122.962029,1170700
7/20/2016,125.330002,126.660004,125.18,126.489998,124.907379,845700
7/21/2016,125.949997,127.160004,125,125.290001,123.722404,1097400
7/22/2016,124.790001,124.919998,122.68,124.480003,122.922531,1532700
7/25/2016,124.480003,124.480003,123.25,123.349998,121.806671,1091400
7/26/2016,123.349998,123.870003,122.57,123.620003,122.073296,1408200
7/27/2016,123.620003,123.830002,121.629997,122.68,121.14505,1558800
7/28/2016,126.5,129.580002,126.019997,127.470001,125.875122,2639200
7/29/2016,127.470001,131.330002,127.459999,131.139999,129.499207,1958500
8/1/2016,130.869995,131.570007,130.449997,131.059998,129.420197,1420800
8/2/2016,130.860001,131.360001,129.639999,130.589996,128.956085,1029300
8/3/2016,130.699997,130.789993,129.970001,130.429993,128.798096,952400
8/4/2016,130.619995,131.080002,129.479996,130.910004,129.272079,968300
8/5/2016,131.229996,131.589996,130.690002,131.399994,129.755951,757900
8/8/2016,131.240005,131.830002,130.889999,131.660004,130.012711,736000
8/9/2016,131.850006,133.190002,131.389999,133.089996,131.424789,1117800
8/10/2016,129,129.899994,127.879997,128.919998,127.306992,4586000
8/11/2016,129.009995,129.979996,129.009995,129.5,127.87973,2206000
8/12/2016,129.610001,129.979996,128.759995,129.339996,127.721725,867200
8/15/2016,129.490005,129.929993,129.389999,129.910004,128.284592,1383600
8/16/2016,129.380005,129.490005,128.300003,128.300003,126.694748,1206300
8/17/2016,128.889999,129.160004,127.089996,127.779999,126.181244,1411700
8/18/2016,127.949997,128.350006,127.389999,128.020004,126.418251,1214700
8/19/2016,127.279999,127.959999,126.82,127.779999,126.181244,1024100
8/22/2016,127.849998,128.630005,126.889999,128.259995,126.655235,797800
8/23/2016,128.690002,129.899994,128.529999,129.770004,128.146347,1202900
8/24/2016,129.850006,130.690002,127.559998,127.800003,126.200989,1413500
8/25/2016,127.5,128.839996,127.139999,128.160004,126.556488,1270000
8/26/2016,128.600006,129.679993,127.639999,129.509995,127.889603,1378500
8/29/2016,129.710007,130.960007,129.559998,130.589996,128.956085,846600
8/30/2016,131.259995,131.320007,128.850006,129.869995,128.245087,1093200
8/31/2016,129.949997,130.139999,128.899994,129.610001,127.988342,1145900
9/1/2016,129.5,129.970001,128.059998,128.350006,126.744125,965300
9/2/2016,128.899994,129.470001,128.589996,129.399994,127.780968,1086400
9/6/2016,129.570007,130.070007,129.009995,129.940002,128.314209,940900
9/7/2016,130.110001,131.179993,129.529999,129.970001,128.343842,1024200
9/8/2016,129.789993,130.080002,129.179993,130,128.373459,827800
9/9/2016,128.970001,129.039993,125.279999,125.290001,123.722404,1412300
9/12/2016,124.75,126.93,124.059998,126.550003,124.966637,1713800
9/13/2016,125.870003,126.07,122.870003,123.519997,121.974548,1456900
9/14/2016,123.449997,124.129997,122.970001,123.410004,121.865921,1518800
9/15/2016,123.389999,125.720001,122.940002,124.889999,123.327408,1096100
9/16/2016,124.599998,124.980003,123.529999,124.300003,122.744781,1590600
9/19/2016,124.93,125.790001,124.540001,124.970001,123.406403,888800
9/20/2016,125.879997,125.949997,124.790001,124.790001,123.228661,753700
9/21/2016,124.870003,127.419998,124.870003,127.190002,125.598633,896300
9/22/2016,127.75,129.580002,127.459999,128.869995,127.257599,965200
9/23/2016,128.380005,128.770004,127.720001,128.330002,126.724365,630400
9/26/2016,127.599998,127.809998,126.760002,126.879997,125.292503,590500
9/27/2016,127.129997,128.399994,126.540001,128.009995,126.408363,934300
9/28/2016,127.779999,128.729996,125.010002,128.610001,127.000862,664500
9/29/2016,128.539993,128.839996,127.010002,127.839996,126.240494,1331800
9/30/2016,128.669998,130.490005,128.25,130.020004,128.393234,1391300
10/3/2016,129.5,129.910004,128.809998,129.880005,128.25499,1067200
10/4/2016,129.770004,130.160004,128.520004,129.229996,127.613091,659000
10/5/2016,129.75,131.020004,129.339996,130.550003,128.916595,976700
10/6/2016,130.139999,130.850006,129.5,130.789993,129.15358,680000
10/7/2016,130.820007,131.25,130.039993,131,129.360947,763900
10/10/2016,131.509995,133.210007,131.330002,132.740005,131.079193,832100
10/11/2016,132.309998,132.309998,125.57,126.620003,125.035767,2182300
10/12/2016,126.779999,127.370003,125.129997,127.040001,125.450508,1581900
10/13/2016,126.18,127.220001,125.480003,126.910004,125.322144,860500
10/14/2016,127.730003,128.449997,127.089996,127.150002,125.559135,1307100
10/17/2016,127.160004,127.230003,126.449997,126.620003,125.035767,740600
10/18/2016,127.690002,129.699997,127.599998,129.100006,127.484734,1294900
10/19/2016,129.110001,129.410004,127.610001,128.080002,126.477493,772300
10/20/2016,128.160004,128.679993,127.480003,128.210007,126.605873,897000
10/21/2016,127.379997,127.660004,126,127.519997,125.924492,699500
10/24/2016,128.289993,128.660004,127.709999,127.989998,126.388611,788700
10/25/2016,127.900002,127.910004,125.470001,125.589996,124.018639,963800
10/26/2016,124.779999,125,120.82,121.080002,119.565071,2060600
10/27/2016,121.080002,121.620003,119.629997,120.989998,119.476212,1580900
10/28/2016,120.980003,124,120.32,122.550003,121.016685,2312200
10/31/2016,106.629997,108.400002,103.93,105.400002,104.081253,10077300
11/1/2016,106.550003,107,103.120003,103.760002,102.461784,5159800
11/2/2016,103.709999,104.199997,101.919998,102.019997,100.743546,2947400
11/3/2016,102.029999,103.269997,101.330002,102.540001,101.257034,2234700
11/4/2016,103.110001,105.93,103,103.010002,101.721169,2456200
11/7/2016,104.120003,105.400002,103.699997,104.449997,103.143143,2165900
11/8/2016,102.669998,103.419998,99.699997,101.830002,100.555923,5193100
11/9/2016,104.169998,104.169998,97.830002,101.620003,100.348557,3794100
11/10/2016,102.43,103.739998,99.050003,100.68,99.420311,2691800
11/11/2016,100.18,100.559998,97.709999,98.029999,96.803467,2873200
11/14/2016,98.139999,98.169998,95.629997,97.989998,96.763977,4404900
11/15/2016,98.43,102.040001,98.370003,101.449997,100.180672,3504700
11/16/2016,100.900002,101.410004,100.120003,100.879997,99.617798,1326500
11/17/2016,100.800003,101.510002,100.730003,100.800003,99.538811,1652400
11/18/2016,101.040001,101.959999,100.559998,100.639999,99.380814,2409900
11/21/2016,100.639999,102.309998,100.309998,102.089996,100.812668,1709000
11/22/2016,100.949997,100.949997,98.199997,100.809998,99.548691,3093700
11/23/2016,100.190002,101.860001,100.089996,101,99.736313,1479500
11/25/2016,102,102.93,101.589996,102.360001,101.079292,708300
11/28/2016,102.239998,103.339996,101.839996,101.980003,100.704056,1587900
11/29/2016,103.57,104.339996,102.959999,103.400002,102.106285,2183100
11/30/2016,103.440002,103.699997,101.639999,101.860001,100.585556,1960100
12/1/2016,101.790001,102.410004,99.110001,99.790001,98.541458,1547800
12/2/2016,100.160004,101.559998,99.589996,100.199997,98.946312,1155000
12/5/2016,101.029999,101.510002,100.160004,101.43,100.160927,1790000
12/6/2016,101.18,104.739998,100.690002,104.610001,103.301155,2005100
12/7/2016,104.230003,105.220001,103.300003,104.419998,103.113525,1558800
12/8/2016,104.449997,104.800003,103.779999,104.449997,103.143143,1272500
12/9/2016,105.160004,105.5,104.43,105.220001,103.903511,1324600
12/12/2016,105.440002,106.449997,105.220001,105.809998,104.486122,1449400
12/13/2016,105.769997,106.980003,105.389999,106.730003,105.394623,1020400
12/14/2016,106.089996,106.269997,104,104.870003,103.557892,2068400
12/15/2016,102.5,103.839996,100.809998,102.650002,101.365669,3247600
12/16/2016,102.410004,103.529999,102.349998,103.5,102.205032,2765800
12/19/2016,103.459999,103.779999,102.599998,102.860001,101.573044,1145300
12/20/2016,102.879997,103.5,101.599998,101.849998,100.575676,1763900
12/21/2016,101.830002,102.360001,101.370003,101.660004,100.388062,1480700
12/22/2016,101.68,101.720001,100.870003,101.57,100.299187,854500
12/23/2016,101.57,102.699997,101.43,102.32,101.039795,664000
12/27/2016,102.529999,103.389999,101.980003,103.139999,101.849525,1146500
12/28/2016,102.839996,104.199997,102.839996,103.059998,101.770538,1315600
12/29/2016,103,103.739998,102.830002,103.5,102.205032,683300
12/30/2016,103.309998,103.93,102.849998,103.199997,101.908783,973800
1/3/2017,103.870003,103.900002,102.589996,103.330002,102.037155,1381100
1/4/2017,103.879997,105.349998,103.379997,104.279999,102.975266,1502800
1/5/2017,104.580002,105.279999,104.110001,104.949997,103.636887,1453900
1/6/2017,105.139999,105.309998,103.620003,104.959999,103.646767,1821000
1/9/2017,104.769997,107.199997,104.769997,107,105.66124,1128100
1/10/2017,110.510002,115.940002,110.5,113.669998,112.247787,3973400
1/11/2017,113.989998,116.160004,113.419998,114.75,113.31427,2485000
1/12/2017,113.709999,114.900002,111.980003,114.43,112.998276,1546700
1/13/2017,114.620003,115.410004,114.089996,115.199997,113.758644,1034300
1/17/2017,114.209999,115.75,114.050003,115.449997,114.005508,1241400
1/18/2017,115.660004,116,114.730003,115.470001,114.025253,902200
1/19/2017,115.110001,115.379997,113.919998,114.580002,113.1464,934600
1/20/2017,114.800003,115.339996,113.190002,113.650002,112.228043,1401800
1/23/2017,113.379997,114.470001,113.379997,114.160004,112.731651,1369700
1/24/2017,113.93,115.339996,113.5,114.559998,113.126648,1336300
1/25/2017,114.559998,116.190002,114.389999,115.940002,114.489388,1484600
1/26/2017,115.910004,116.260002,114.93,115.349998,113.906761,1147600
1/27/2017,115.830002,117.800003,115.519997,116.959999,115.49662,1213200
1/30/2017,116.839996,116.839996,114.949997,115.389999,113.946266,2850600
1/31/2017,115.860001,120.410004,115.860001,118.330002,116.849472,2963000
2/1/2017,118.809998,119.25,117.349998,118.510002,117.027229,1461400
2/2/2017,117.75,118.32,117.050003,117.620003,116.148361,1685500
2/3/2017,118.199997,118.959999,117.629997,118.139999,116.66185,1019000
2/6/2017,117.779999,118.279999,116.730003,117.239998,115.773109,1075200
2/7/2017,117.830002,118.379997,117.110001,118.110001,116.63224,800100
2/8/2017,117.870003,118.220001,116.849998,117.150002,115.684242,1011000
2/9/2017,117.150002,118.099998,117.110001,117.599998,116.128624,1002000
2/10/2017,117.540001,117.809998,116.870003,117.330002,115.861992,780500
2/13/2017,117.43,118.120003,117.239998,117.75,116.276741,659900
2/14/2017,117.379997,117.75,116.68,117.18,115.713867,1129700
2/15/2017,116.760002,117.75,116.709999,117.309998,115.842232,1160200
2/16/2017,117.57,118,115.870003,116.32,114.864624,1490200
2/17/2017,116.209999,116.870003,115.330002,116.870003,115.407753,1220700
2/21/2017,116.940002,117.550003,116.540001,117.169998,115.703987,1495800
2/22/2017,116.870003,117.25,116.360001,116.900002,115.43737,1327900
2/23/2017,117.029999,117.389999,115.489998,116.379997,114.923874,1463700
2/24/2017,115.910004,117.07,115.639999,116.919998,115.457115,990300
2/27/2017,117.099998,117.300003,116.330002,116.959999,115.49662,1577900
2/28/2017,116.970001,117.480003,116.629997,117.080002,115.615128,1244200
3/1/2017,117.559998,119.449997,117.349998,118.889999,117.402473,1101300
3/2/2017,118.5,118.599998,117.519997,118.019997,116.54335,772200
3/3/2017,117.93,118.379997,117.300003,118.279999,116.800102,708100
3/6/2017,117.489998,117.760002,116.93,117.220001,115.753372,851200
3/7/2017,116.830002,117.330002,116.209999,117.07,115.605247,887600
3/8/2017,117.080002,117.889999,116.639999,117.599998,116.128624,904800
3/9/2017,117.839996,119.449997,116.959999,119.18,117.688843,1116500
3/10/2017,119.25,120.400002,119.25,120.080002,118.577591,1544400
3/13/2017,120.25,120.639999,119.209999,119.790001,118.291214,1630800
3/14/2017,119.199997,119.709999,118.470001,118.68,117.195099,961600
3/15/2017,119.099998,120.169998,118.57,119.650002,118.152962,1016300
3/16/2017,120.199997,120.199997,118.849998,119.410004,117.915977,1081100
3/17/2017,119.349998,122.089996,118.839996,121.669998,120.14769,2289900
3/20/2017,121.599998,122.269997,121.099998,121.650002,120.127945,1343000
3/21/2017,122,123.150002,120.599998,120.980003,119.466324,1339100
3/22/2017,120.959999,122.400002,120.599998,121.379997,119.861328,1005800
3/23/2017,121.239998,121.720001,120.110001,120.400002,118.893593,999500
3/24/2017,120.400002,121.110001,120.309998,120.660004,119.150337,716500
3/27/2017,120.660004,120.660004,118.82,120.290001,118.784958,1450100
3/28/2017,120.889999,121.459999,119.940002,121.190002,119.673698,888900
3/29/2017,120.839996,121.769997,120.739998,121.370003,119.851448,507400
3/30/2017,120.970001,121.910004,120.900002,121.360001,119.84156,526400
3/31/2017,120.790001,122.459999,120.519997,122.110001,120.582184,860900
4/3/2017,121.980003,122.279999,120.279999,121.349998,119.831688,971800
4/4/2017,121.639999,121.800003,119.709999,120.769997,119.258942,577000
4/5/2017,120.760002,121.550003,120.050003,120.18,118.676338,783900
4/6/2017,120.419998,120.470001,119.580002,120.199997,118.696083,885900
4/7/2017,120.120003,120.43,119.769997,119.879997,118.380089,436800
4/10/2017,119.980003,120.769997,119.769997,120.029999,118.528206,457900
4/11/2017,119.809998,120.029999,119.25,119.580002,118.083847,497800
4/12/2017,118.910004,119.599998,118.519997,119.169998,117.678963,657500
4/13/2017,119.029999,120.230003,118.339996,119.529999,118.034462,688400
4/17/2017,120.019997,121.160004,119.739998,121.160004,119.644073,555700
4/18/2017,120.580002,120.900002,119.169998,119.57,118.073967,953000
4/19/2017,120.199997,120.779999,119.529999,120.260002,118.755333,797100
4/20/2017,120.330002,122.25,119.459999,121.849998,120.325439,833400
4/21/2017,121.660004,122.07,120.809998,121.190002,119.673698,814200
4/24/2017,122.470001,123.519997,121.82,123.269997,121.727669,903200
4/25/2017,123.400002,124.760002,123.010002,124.489998,122.932396,1076800
4/26/2017,124.650002,125.419998,123.970001,125.32,123.752014,1745100
4/27/2017,115.5,118.5,115,118.099998,116.622353,5906400
4/28/2017,117.75,119.900002,117.029999,119.650002,118.152962,2360600
5/1/2017,119.690002,121.949997,119,120.82,119.308327,2195700
5/2/2017,120.900002,121.25,120.290001,120.629997,119.120697,1160100
5/3/2017,120.459999,120.730003,118.599998,119.43,117.935715,1084300
5/4/2017,119.349998,119.68,116.18,116.849998,115.387985,2343500
5/5/2017,117.459999,117.459999,115.75,116.540001,115.081879,1501100
5/8/2017,116.610001,117.209999,116.029999,116.910004,115.447243,1233000
5/9/2017,116.849998,118.839996,116.800003,118.660004,117.175362,1453400
5/10/2017,118.489998,119.709999,118.040001,119.489998,117.994965,1349600
5/11/2017,119.830002,121.160004,118.639999,121.019997,119.505821,2013300
5/12/2017,120.860001,122.93,120.550003,121.260002,119.742821,2028500
5/15/2017,120.980003,123.120003,120.099998,122.330002,120.799431,2520100
5/16/2017,120.150002,121.699997,118.400002,119.779999,118.281342,3868300
5/17/2017,119.779999,119.779999,117.370003,117.720001,116.247116,1767800
5/18/2017,117.720001,118.599998,116.82,117.260002,115.79287,1089200
5/19/2017,117.57,117.949997,116.220001,117.669998,116.197746,1006100
5/22/2017,118.059998,118.059998,116.93,117.790001,116.316238,1016000
5/23/2017,117.989998,118.290001,117.279999,117.809998,116.335983,1257200
5/24/2017,117.900002,119.190002,117.400002,119.099998,117.609848,1164800
5/25/2017,119.360001,119.889999,118.959999,119.300003,117.807358,631200
5/26/2017,119.449997,119.650002,118.910004,119.230003,117.738228,648100
5/30/2017,118.620003,119.050003,118.019997,118.43,116.948235,520700
5/31/2017,118.43,119.410004,117.599998,119.209999,117.71846,817400
6/1/2017,119.68,123.050003,119.309998,122.669998,121.135178,1632700
6/2/2017,121.75,124.349998,121.75,123.940002,122.389297,1394200
6/5/2017,124.339996,124.339996,123.190002,123.93,122.379425,1030100
6/6/2017,123.5,124.449997,123.5,124.169998,122.616409,1118700
6/7/2017,124.5,124.730003,123.900002,124.349998,122.794159,835700
6/8/2017,124.349998,125.559998,123.900002,125.169998,123.603905,1028600
6/9/2017,125.190002,125.940002,123.739998,125.010002,123.4459,1332200
6/12/2017,124.580002,125.089996,122.919998,125,123.436028,1023800
6/13/2017,124.760002,125.769997,124.529999,125.470001,123.900154,648400
6/14/2017,125.970001,126,124.959999,125.599998,124.028526,803400
6/15/2017,124.860001,126.199997,124.419998,125.839996,124.265526,851400
6/16/2017,126.199997,126.379997,125.43,125.919998,124.344513,1084000
6/19/2017,126.220001,127.269997,125.800003,127.089996,125.49987,912400
6/20/2017,127.260002,127.889999,127.089996,127.220001,125.62825,869700
6/21/2017,127.589996,128.949997,126.849998,128.520004,126.911987,1092900
6/22/2017,128.539993,130.199997,128.539993,129.389999,127.771103,1143500
6/23/2017,129.649994,129.649994,128.860001,129.089996,127.474869,3304300
6/26/2017,129.339996,129.820007,128.479996,129.059998,127.445236,1016900
6/27/2017,128.820007,129.110001,127.779999,128.25,126.645363,926800
6/28/2017,129.149994,129.419998,128.369995,128.509995,126.902092,1121600
6/29/2017,128.940002,128.949997,127,127.889999,126.289871,1311000
6/30/2017,127.889999,128.919998,127.889999,128.399994,126.79348,742400
7/3/2017,129.009995,129.100006,128.199997,128.380005,126.773743,546100
7/5/2017,128.550003,128.979996,126.32,127.769997,126.171364,1859200
7/6/2017,127.120003,127.529999,125.400002,125.629997,124.058144,1532400
7/7/2017,125.949997,127.699997,125.480003,127.110001,125.519623,1035700
7/10/2017,127.120003,127.709999,126.870003,127.400002,125.806,1025600
7/11/2017,127.389999,127.5,126.470001,126.489998,124.907379,1188400
7/12/2017,128.460007,128.990005,125.620003,126.360001,124.779007,3141600
7/13/2017,126.529999,130.970001,125.849998,128.979996,127.366211,4104100
7/14/2017,129.259995,133.089996,129.210007,132.490005,130.832321,1818700
7/17/2017,132.509995,133.490005,131.899994,132.610001,130.950821,943300
7/18/2017,132.279999,132.619995,130.690002,131.179993,129.538696,1516000
7/19/2017,131.350006,132.199997,130.869995,131.070007,129.430099,1434000
7/20/2017,131.399994,131.479996,129.339996,129.470001,127.850098,2567900
7/21/2017,129.550003,130.210007,129.169998,129.610001,127.988342,912900
7/24/2017,129.820007,129.949997,127.900002,128.789993,127.178596,1813300
7/25/2017,129.199997,129.440002,128.190002,128.770004,127.158867,1214000
7/26/2017,128.820007,129.300003,128.5,128.699997,127.089729,1322900
7/27/2017,127.589996,127.599998,124.889999,125.440002,123.870514,3787000
7/28/2017,124.760002,124.970001,123.660004,123.779999,122.231293,1523100
7/31/2017,123.699997,123.699997,121.07,121.32,119.802078,2257400
8/1/2017,121.809998,121.809998,120.25,120.32,118.814583,2160500
8/2/2017,120.269997,120.339996,117.389999,117.690002,116.217491,2558100
8/3/2017,117.209999,118.160004,116.389999,117.160004,115.694115,2036600
8/4/2017,117.269997,118.080002,116.339996,117.93,116.454483,1698100
8/7/2017,117.919998,117.989998,116.849998,117.190002,115.723747,807000
8/8/2017,117.080002,117.080002,114.57,115.040001,113.600647,1551000
8/9/2017,113.949997,114.279999,112.220001,112.860001,111.447922,1852400
8/10/2017,112.419998,112.580002,110.089996,110.129997,108.752075,2219800
8/11/2017,110.43,112.360001,110.25,111.699997,110.302429,1497100
8/14/2017,112.580002,113.650002,111.830002,112.510002,111.102303,956500
8/15/2017,113.019997,113.400002,112.169998,112.970001,111.556549,1356000
8/16/2017,113.68,114.300003,112.940002,113.080002,111.665169,1520000
8/17/2017,113,114.089996,112.349998,112.419998,111.01342,1070200
8/18/2017,112.470001,112.470001,111.330002,111.379997,109.986435,1036100
8/21/2017,111.629997,113.18,111.550003,112.769997,111.359047,1260700
8/22/2017,112.75,114.089996,112.540001,113.959999,112.534164,1640600
8/23/2017,113.040001,113.449997,111.949997,112.279999,110.875175,1317800
8/24/2017,112.830002,113.959999,112.410004,112.849998,111.438042,993900
8/25/2017,113.489998,113.940002,113.120003,113.190002,111.773796,750400
8/28/2017,113.57,113.650002,112.330002,112.889999,111.477547,769600
8/29/2017,112.379997,113.139999,111.879997,112.82,111.408409,703900
8/30/2017,112.809998,113.07,111.989998,113.010002,111.596039,1079700
8/31/2017,113.510002,114.93,113.199997,114.269997,112.840279,1231400
9/1/2017,114.470001,114.720001,113.510002,114.330002,112.899536,711800
9/5/2017,114.07,115.330002,113.419998,114.239998,112.810654,1501500
9/6/2017,114.529999,115.839996,113.860001,115.629997,114.183266,1045800
9/7/2017,115.629997,116.120003,115.260002,115.669998,114.222755,673200
9/8/2017,115.330002,116.610001,114.919998,115.699997,114.252396,999300
9/11/2017,116.25,116.889999,115.610001,115.800003,114.351135,944800
9/12/2017,115.739998,117.489998,115.339996,116.43,114.973244,987100
9/13/2017,116.32,116.529999,115.290001,115.889999,114.440018,919600
9/14/2017,115.699997,116.349998,115.620003,115.989998,114.538757,1697700
9/15/2017,115.93,116.120003,114.440002,115.470001,114.025253,1626700
9/18/2017,115.610001,116.400002,115.239998,116.300003,114.844879,1336400
9/19/2017,116.349998,116.980003,115.309998,115.480003,114.035141,2208400
9/20/2017,115.650002,116.669998,115.230003,116.220001,114.765884,1242300
9/21/2017,116.25,116.309998,112.68,113.059998,111.645416,1399600
9/22/2017,113.089996,114.480003,112.660004,114.400002,112.968651,1599100
9/25/2017,114.389999,115.470001,112.970001,114.370003,112.939026,1386700
9/26/2017,114.519997,115.559998,114.160004,114.75,113.31427,1008200
9/27/2017,115.160004,116.370003,114.360001,116.25,114.795509,1184600
9/28/2017,116.110001,116.300003,115.120003,115.660004,114.212891,984900
9/29/2017,115.720001,117.139999,115.400002,117.089996,115.624985,1058700
10/2/2017,117.32,118.209999,116.550003,117.699997,116.227356,1013000
10/3/2017,117.989998,118.120003,116.080002,116.150002,114.696762,1054900
10/4/2017,116.160004,117.620003,115.870003,117.529999,116.059494,1460000
10/5/2017,117.559998,119.589996,117.269997,119.160004,117.669106,1077500
10/6/2017,118.580002,119.32,118.059998,119.269997,117.77771,870600
10/9/2017,119.239998,119.239998,117.050003,117.519997,116.049614,962800
10/10/2017,117.519997,118.760002,117.519997,118.410004,116.928482,1087700
10/11/2017,118.199997,118.769997,117.75,118.639999,117.155602,918200
10/12/2017,118.349998,120.75,118.059998,120.629997,119.120697,1486000
10/13/2017,120.349998,120.589996,119.019997,119.699997,118.202339,798700
10/16/2017,119.599998,119.839996,119.029999,119.510002,118.014717,1352400
10/17/2017,119.669998,119.980003,118.800003,119.93,118.429466,845600
10/18/2017,120.120003,120.870003,119.870003,120.690002,119.179947,878600
10/19/2017,120.900002,121.940002,120.169998,121.879997,120.355064,1098100
10/20/2017,122.370003,122.830002,121.32,122.349998,120.819183,792700
10/23/2017,122.550003,123.82,121.639999,121.699997,120.177315,880400
10/24/2017,121.949997,122.110001,120.339996,121.209999,119.693451,1325900
10/25/2017,121,121.690002,119.93,121.459999,119.940323,1490000
10/26/2017,121.5,121.989998,120.769997,121,119.486076,1186300
10/27/2017,122.040001,124.75,121.010002,124.459999,122.902779,1494600
10/30/2017,123.379997,123.889999,120.879997,121.349998,119.831688,1588500
10/31/2017,121.720001,122.43,120.889999,121.620003,120.098312,1822900
11/1/2017,111.910004,117.129997,110.790001,115.089996,113.650017,4570000
11/2/2017,114.900002,115.160004,111.290001,112.32,110.914673,3478300
11/3/2017,110.080002,111,108.540001,109.25,107.883087,3918700
11/6/2017,109.32,110.519997,108.949997,109.339996,107.971962,2481200
11/7/2017,109.980003,109.980003,108.169998,108.720001,107.359718,1279300
11/8/2017,108.550003,109.839996,108.029999,109.169998,107.804085,1794100
11/9/2017,109.029999,111.860001,108.93,111.839996,110.440681,1654600
11/10/2017,111.279999,111.760002,109.57,110.75,109.364334,973400
11/13/2017,110.080002,111.300003,109.879997,111.059998,109.670441,1275600
11/14/2017,112.839996,112.970001,111.120003,112.209999,110.806053,1308100
11/15/2017,111.970001,112.190002,110.339996,111.080002,109.690186,1150000
11/16/2017,111.309998,112.949997,110.980003,112.239998,110.835678,1631900
11/17/2017,111.5,112.360001,111.5,111.610001,110.213562,1043300
11/20/2017,112,112.68,111.610001,112.18,110.776428,938800
11/21/2017,112.989998,114.32,112.559998,113.559998,112.139153,1118500
11/22/2017,113.529999,113.660004,112.459999,113.07,111.655289,785900
11/24/2017,112.949997,113.309998,112.080002,113.07,111.655289,289100
11/27/2017,113.410004,113.660004,112.639999,113.389999,111.971283,830300
11/28/2017,113.389999,115.379997,112.370003,115.209999,113.768517,1820400
11/29/2017,115.5,116.739998,115,116.519997,115.062111,1756700
11/30/2017,116.709999,117.720001,116.010002,117.099998,115.634872,1890600
12/1/2017,117.339996,117.669998,113.809998,114.57,113.136528,1487900
12/4/2017,115.059998,116.269997,114.589996,114.82,113.383392,1382800
12/5/2017,115.410004,116.110001,114.559998,115.489998,114.045006,1261100
12/6/2017,115.18,115.989998,114.650002,115.779999,114.331383,917100
12/7/2017,115.900002,116.230003,114.5,114.779999,113.343903,960700
12/8/2017,114.800003,115,112.650002,113.379997,111.961411,1680600
12/11/2017,113.18,114.07,113.18,113.510002,112.08979,1144900
12/12/2017,113.639999,114.459999,113.389999,113.540001,112.119423,1594400
12/13/2017,113.25,114.529999,113.25,113.519997,112.099663,2815500
12/14/2017,113.650002,113.900002,112.800003,112.82,111.408409,1289900
12/15/2017,113.599998,115.629997,113.459999,115.239998,113.798149,2158100
12/18/2017,115.889999,116.300003,114.300003,114.43,112.998276,1465500
12/19/2017,119.230003,124.169998,118.349998,121.379997,119.861328,4417200
12/20/2017,121.839996,122.389999,120.620003,121.18,119.663834,1564900
12/21/2017,121.129997,121.889999,119.809998,119.949997,118.449203,1087600
12/22/2017,119.779999,120.239998,119.629997,120.120003,118.617081,714100
12/26/2017,120.169998,120.57,119.82,119.959999,118.459084,372800
12/27/2017,120,120.93,119.839996,120.139999,118.636841,831300
12/28/2017,120.18,121.949997,119.269997,121.75,120.226692,991500
12/29/2017,121.75,121.949997,120.620003,120.669998,119.160194,1023600
1/2/2018,121,124.269997,120.559998,124.059998,122.507782,1765300
1/3/2018,124.709999,125.400002,123.949997,124.919998,123.357033,1328800
1/4/2018,125.290001,126.709999,123.410004,124.739998,123.179283,1073200
1/5/2018,124.889999,126.209999,124.309998,125.980003,124.40377,1063400
1/8/2018,125.660004,126.709999,125.099998,126.220001,124.64077,1249500
1/9/2018,126.720001,127.019997,124.050003,124.190002,122.636162,1999200
1/10/2018,124.120003,124.400002,120.769997,122.529999,120.996925,1956700
1/11/2018,122.769997,123.139999,121.199997,122.290001,120.759926,1304800
1/12/2018,122.82,123.040001,121.580002,122.099998,120.572311,1014400
1/16/2018,122.32,123.050003,121.089996,121.68,120.157562,1396500
1/17/2018,122.239998,122.830002,121.709999,122.489998,120.957428,1167900
1/18/2018,122.419998,122.760002,121.550003,122.190002,120.661186,1077700
1/19/2018,122.239998,124.690002,122.239998,123.480003,121.935051,1804500
1/22/2018,123.5,126.269997,122.889999,126.199997,124.62101,1364100
1/23/2018,125.650002,125.949997,124.029999,124.510002,122.952164,1225200
1/24/2018,125.050003,125.82,124.269997,125.019997,123.45578,1054100
1/25/2018,125.809998,125.809998,124.139999,124.739998,123.179283,1038100
1/26/2018,124.760002,126.519997,124.029999,126.230003,124.650642,1390900
1/29/2018,126.290001,129.339996,126.25,127.389999,125.796135,2538000
1/30/2018,123.050003,129.149994,121.519997,125.940002,124.364273,2883000
1/31/2018,126.629997,129.059998,125.169998,127.120003,125.529503,1939200
2/1/2018,126.349998,128.720001,125.709999,128.190002,126.586113,1756300
2/2/2018,127.050003,127.199997,125.610001,125.790001,124.216141,1392700
2/5/2018,124.790001,127.419998,122.370003,123.18,121.638794,2098800
2/6/2018,121,122.93,119.5,122.300003,120.769814,2166000
2/7/2018,121.650002,123.519997,120.739998,120.779999,119.268829,1145100
2/8/2018,120.5,120.639999,115.5,115.529999,114.084518,1659200
2/9/2018,116.050003,117.410004,112.970001,116.389999,114.933746,2145900
2/12/2018,116.959999,117.489998,115.050003,116.519997,115.062111,1467600
2/13/2018,115.830002,116.18,114.870003,115.93,114.4795,1081100
2/14/2018,115.230003,117.959999,115.230003,117.699997,116.227356,760800
2/15/2018,118.150002,119.900002,117.800003,119.790001,118.291214,1266100
2/16/2018,119.699997,121.660004,118.93,120.480003,118.97258,696600
2/20/2018,119.800003,120.720001,118.5,118.720001,117.234604,663700
2/21/2018,119.330002,120.699997,118.660004,118.68,117.195099,988600
2/22/2018,119.25,120,117.339996,117.580002,116.108871,888200
2/23/2018,118.379997,118.940002,117.620003,118.849998,117.362984,633300
2/26/2018,118.900002,120.029999,118.400002,119.879997,118.380089,638600
2/27/2018,119.919998,120.199997,118.120003,118.139999,116.66185,854900
2/28/2018,118.150002,118.93,116.220001,116.25,114.795509,819700
3/1/2018,116,116.589996,112.519997,113.550003,112.129295,1044600
3/2/2018,113.230003,117.440002,113.010002,117.050003,115.585495,1181900
3/5/2018,116.639999,118.660004,116.260002,118.129997,116.651985,1048500
3/6/2018,118.379997,118.550003,116.93,118.089996,116.612465,1106100
3/7/2018,117.330002,121.660004,117.330002,121,119.486076,1345900
3/8/2018,121.699997,121.699997,119.709999,120.209999,118.705956,1272500
3/9/2018,120.739998,121.440002,120.139999,120.860001,119.347832,874600
3/12/2018,120.910004,121.120003,117.82,118.260002,116.780357,2030400
3/13/2018,118.599998,118.839996,117.510002,117.919998,116.444611,1459300
3/14/2018,118.540001,118.75,115.790001,116.239998,114.785622,1344900
3/15/2018,116.919998,117.900002,115.370003,115.919998,114.469627,1199800
3/16/2018,116.199997,117.480003,116.199997,116.830002,115.368248,1248800
3/19/2018,116.730003,116.739998,113.900002,114.75,113.31427,891100
3/20/2018,115.010002,115.220001,113.650002,114.400002,112.968651,928000
3/21/2018,114.660004,115.080002,113.879997,114.379997,112.948891,936500
3/22/2018,113.639999,114.419998,111.32,111.379997,109.986435,1213200
3/23/2018,109.580002,109.730003,107.32,107.440002,106.095741,2511900
3/26/2018,108.379997,109.919998,107.690002,109.760002,108.386719,1274000
3/27/2018,109.889999,110.309998,107.879997,108.480003,107.122726,1218300
3/28/2018,108.540001,109.639999,108.089996,108.160004,107.043556,995400
3/29/2018,108.790001,109.620003,107.599998,109.040001,107.914467,1356100
4/2/2018,108.889999,109.400002,104.889999,106.400002,105.301727,1235000
4/3/2018,106.489998,107.639999,105.25,107.139999,106.034073,1154400
4/4/2018,106.050003,107.5,105.449997,107.360001,106.251801,1263300
4/5/2018,107.889999,109.400002,107.209999,108.349998,107.23159,738900
4/6/2018,107.75,107.940002,104.279999,105.18,104.094315,861300
4/9/2018,105.660004,108.080002,105.309998,106.199997,105.103783,1205600
4/10/2018,107.07,108.650002,107.010002,107.290001,106.182526,1186600
4/11/2018,106.449997,106.93,105.629997,106.029999,104.935532,637400
4/12/2018,106.18,107.010002,105.790001,106.419998,105.32151,737600
4/13/2018,107.019997,107.339996,105.019997,105.57,104.480286,797900
4/16/2018,106.209999,107.93,105.82,107.239998,106.133041,1328100
4/17/2018,107.910004,109.400002,105.93,108.82,107.696739,1208000
4/18/2018,108.75,110.949997,108.730003,110.080002,108.943726,1579700
4/19/2018,110.129997,110.970001,109.650002,110.739998,109.596924,1359300
4/20/2018,111.059998,112.169998,109.860001,110.32,109.181252,1541600
4/23/2018,110.470001,112.290001,110.029999,111.239998,110.091759,1459900
4/24/2018,111.620003,111.779999,108.480003,109.440002,108.310349,1000700
4/25/2018,108.959999,110.699997,108.040001,110.589996,109.448463,1087200
4/26/2018,109,115.230003,107.690002,115.099998,113.911919,3075200
4/27/2018,114.410004,117.68,112.709999,116.919998,115.71312,1993700
4/30/2018,117.07,117.510002,115.019997,115.169998,113.981186,1692400
5/1/2018,115.230003,117.989998,114.720001,116.949997,115.742813,2459300
5/2/2018,116.599998,118.040001,116.43,117.459999,116.247559,1803000
5/3/2018,116.779999,116.839996,114.209999,115.18,113.991089,1748900
5/4/2018,114.720001,116.849998,114.309998,116.220001,115.020355,1280000
5/7/2018,116.529999,117.559998,116.339996,116.989998,115.78241,1428700
5/8/2018,116.709999,117.290001,115.440002,115.989998,114.792717,1305600
5/9/2018,116.25,116.940002,115.389999,116.209999,115.010452,1264700
5/10/2018,116.540001,118.220001,116.209999,117.300003,116.089211,1144200
5/11/2018,117.019997,117.580002,115.5,116.440002,115.238098,944700
5/14/2018,116.440002,116.440002,114.690002,115.199997,114.01088,1459400
5/15/2018,114.769997,114.769997,112.669998,113.190002,112.021637,1566500
5/16/2018,113.099998,115.190002,111.760002,114.540001,113.357697,1116300
5/17/2018,114.849998,115.839996,114.050003,115.050003,113.862434,754800
5/18/2018,115,115.150002,113.919998,114.5,113.318108,1334500
5/21/2018,115.050003,115.389999,114.160004,114.309998,113.130066,676400
5/22/2018,114.300003,114.790001,112.790001,112.949997,111.784103,790600
5/23/2018,112.580002,113.43,111.919998,112.709999,111.546577,872000
5/24/2018,113,113.870003,111.5,111.739998,110.586586,1292200
5/25/2018,111.690002,112.980003,110.870003,111.080002,109.933411,786900
5/29/2018,110.169998,110.650002,108.489998,109.269997,108.14209,1053000
5/30/2018,109.599998,111.209999,109.489998,110.650002,109.507843,653200
5/31/2018,110.720001,112.370003,110.589996,111.510002,110.358971,1551000
6/1/2018,112.190002,113.389999,112.019997,112.610001,111.447617,1015800
6/4/2018,112.800003,114.220001,112.720001,113.660004,112.486786,1099100
6/5/2018,113.739998,114.129997,112.93,113.139999,111.972137,945400
6/6/2018,113.209999,114.199997,112.690002,114.18,113.001404,540500
6/7/2018,114.209999,114.660004,112.870003,113.669998,112.496681,710300
6/8/2018,113.910004,114.610001,113.169998,114.5,113.318108,412500
6/11/2018,114.419998,114.980003,113.370003,114.209999,113.031105,822400
6/12/2018,114.279999,114.800003,113.889999,114.150002,112.971725,720100
6/13/2018,114.5,115.589996,113.879997,113.980003,112.803474,885100
6/14/2018,114.339996,114.940002,113.709999,114.879997,113.694183,1060100
6/15/2018,114.580002,115.410004,112.279999,113.379997,112.209671,1521800
6/18/2018,112.730003,112.980003,111.089996,111.839996,110.685562,785400
6/19/2018,111.440002,111.870003,110.650002,111.809998,110.655869,610800
6/20/2018,111.879997,112.910004,111.300003,112.089996,110.932983,856300
6/21/2018,111.889999,112.330002,110.900002,111.510002,110.358971,640100
6/22/2018,111.5,112.870003,110.760002,111.760002,110.606392,1611700
6/25/2018,111.349998,111.550003,109.5,110.730003,109.587021,923500
6/26/2018,111.5,113.169998,110.989998,112.559998,111.398117,1201600
6/27/2018,111.480003,113.5,109.559998,110.059998,108.923935,2129900
6/28/2018,109.550003,111.610001,109.510002,111.269997,110.362099,854500
6/29/2018,111.589996,113.32,111.379997,111.440002,110.530724,916600
7/2/2018,110.489998,111.919998,109.980003,111.82,110.907616,769900
7/3/2018,111.800003,112.760002,110.050003,111.93,111.016724,519200
7/5/2018,112.129997,113.029999,111.660004,112.860001,111.93914,688300
7/6/2018,113,115.120003,112.809998,114,113.069832,930300
7/9/2018,114.040001,115.139999,114.029999,114.660004,113.724449,578000
7/10/2018,114.910004,115.230003,114.139999,114.800003,113.863304,399300
7/11/2018,114.110001,115,114.080002,114.160004,113.228531,433100
7/12/2018,114.75,114.75,113.110001,114.040001,113.109497,609400
7/13/2018,114.419998,115,113.580002,114.889999,113.952568,697800
7/16/2018,114.889999,114.989998,112.239998,112.629997,111.710999,716500
7/17/2018,112.769997,114.120003,112.010002,113.760002,112.831795,851900
7/18/2018,114.050003,114.949997,112.129997,112.379997,111.463043,1002100
7/19/2018,112.300003,112.580002,111.129997,112.239998,111.324196,932000
7/20/2018,111.940002,112.550003,111.519997,111.660004,110.748932,825100
7/23/2018,111.260002,112.949997,110.599998,112.900002,111.978806,1158900
7/24/2018,113.629997,115.029999,112.739998,114.610001,113.674858,1224600
7/25/2018,114.099998,117.540001,114,117.139999,116.184204,1235100
7/26/2018,117.419998,117.839996,116.199997,117.110001,116.154457,1606900
7/27/2018,126,127.150002,122.860001,126.199997,125.17028,3640400
7/30/2018,126.82,128.380005,125.889999,126.510002,125.477753,2060300
7/31/2018,126.370003,126.989998,124.720001,125.519997,124.495827,1936600
8/1/2018,125.239998,126.220001,124.93,125.419998,124.396652,1579600
8/2/2018,124.709999,125.410004,123.440002,124.400002,123.384979,1350600
8/3/2018,124.199997,126,122.959999,125.910004,124.88266,1505900
8/6/2018,125.470001,126.839996,124.830002,126.019997,124.991753,759700
8/7/2018,125.860001,126.300003,125.260002,125.440002,124.416489,572200
8/8/2018,125.370003,125.610001,123.919998,123.980003,122.968407,827900
8/9/2018,123.949997,124.629997,123.57,123.739998,122.730362,529400
8/10/2018,123.209999,123.389999,121.82,122.57,121.569908,681500
8/13/2018,122.5,123.309998,121.459999,122.449997,121.450882,1076100
8/14/2018,122.330002,122.989998,121.75,122.379997,121.381454,492800
8/15/2018,122.25,122.949997,120.970001,122.709999,121.708763,839800
8/16/2018,122.93,123.260002,122.379997,122.760002,121.758369,690400
8/17/2018,122.82,124.169998,122.190002,123.860001,122.84938,787800
8/20/2018,123.879997,124.919998,123.879997,124.669998,123.652771,702400
8/21/2018,125.120003,125.699997,124.010002,124.269997,123.256035,840800
8/22/2018,123.800003,125.029999,123.470001,124.839996,123.821373,470600
8/23/2018,124.68,124.900002,124,124.480003,123.464325,515000
8/24/2018,124.519997,125.900002,124.519997,125.400002,124.376816,1039900
8/27/2018,125.449997,126.599998,122.589996,125.300003,124.277634,1978500
8/28/2018,125.75,126.120003,125.169998,125.980003,124.952095,1161700
8/29/2018,126.440002,127.410004,126.150002,126.510002,125.477753,744900
8/30/2018,126.07,126.25,123.519997,123.769997,122.760109,1402900
8/31/2018,123.150002,123.739998,122.769997,123.629997,122.621254,723700
9/4/2018,123.959999,124.68,121.360001,121.970001,120.974808,1171000
9/5/2018,121.410004,122.860001,120.5,122.519997,121.520309,821700
9/6/2018,122.470001,123.919998,122.089996,123.559998,122.551819,688700
9/7/2018,123.410004,124.32,123.370003,123.779999,122.770035,661700
9/10/2018,124.339996,124.339996,122.779999,123.190002,122.184853,682700
9/11/2018,122.919998,123.919998,122.269997,123.269997,122.264191,816200
9/12/2018,123.309998,126.379997,123.309998,126.190002,125.160378,1643400
9/13/2018,126.190002,129.919998,126.07,129.660004,128.602066,2444500
9/14/2018,129.649994,130.580002,128.809998,130.070007,129.008728,1059100
9/17/2018,130.210007,130.419998,129.179993,129.550003,128.492966,1142000
9/18/2018,129.380005,131.339996,128.539993,130.449997,129.385605,871100
9/19/2018,130.830002,130.830002,129.149994,129.839996,128.780563,625400
9/20/2018,129.940002,131.050003,129.940002,130.720001,129.653412,959100
9/21/2018,131.059998,134.550003,130,131.429993,130.357605,1569600
9/24/2018,130.880005,131.610001,130.660004,131.240005,130.169174,649100
9/25/2018,131.240005,131.380005,129.449997,130.509995,129.445114,1043500
9/26/2018,130.369995,130.889999,129.580002,130.029999,128.969025,954200
9/27/2018,129.869995,130.710007,129.559998,129.710007,128.889542,1027900
9/28/2018,129.529999,132.070007,129.220001,131.470001,130.638412,1055100
10/1/2018,131.809998,132.300003,130.259995,130.559998,129.734161,793600
10/2/2018,130.809998,130.809998,129.410004,129.929993,129.108139,650000
10/3/2018,130.059998,131.139999,129.039993,129.419998,128.601379,732400
10/4/2018,129.259995,129.720001,128.020004,128.970001,128.154205,802200
10/5/2018,129.130005,130.149994,127.5,128.589996,127.776619,743700
10/8/2018,128.229996,128.339996,125.970001,127.370003,126.564339,917500
10/9/2018,127.339996,128.229996,125.919998,126.910004,126.107254,831100
10/10/2018,126.629997,127.190002,123.540001,123.599998,122.818192,1288000
10/11/2018,123.709999,124.040001,120.32,121.150002,120.38369,1530400
10/12/2018,122.580002,124.110001,121.589996,123.300003,122.520088,1452200
10/15/2018,122.739998,124.959999,122.150002,123.5,122.718826,1015700
10/16/2018,123.970001,127.800003,123.330002,127.68,126.872383,1480500
10/17/2018,127.349998,128.429993,126.919998,128.320007,127.508347,957200
10/18/2018,128.220001,128.220001,125.599998,126.32,125.520981,1026100
10/19/2018,126.550003,127.379997,123.779999,124.400002,123.613129,930200
10/22/2018,124.75,124.900002,122.739998,124.120003,123.3349,1014300
10/23/2018,122.730003,124.580002,121.199997,124.07,123.285217,1362000
10/24/2018,124.050003,125,120.650002,121.099998,120.334,1145700
10/25/2018,121.610001,123.440002,120.019997,122.150002,121.377357,1315600
10/26/2018,115.550003,119.010002,113.769997,115.129997,114.401764,3261200
10/29/2018,116.32,117.879997,113.669998,115.290001,114.560753,1316100
10/30/2018,115.540001,116.900002,112.410004,114.580002,113.855247,1782400
10/31/2018,115.970001,116,113.540001,113.589996,112.871506,1398400
11/1/2018,113.849998,117.129997,113.849998,116.720001,115.981705,1707300
11/2/2018,117.379997,117.959999,113.379997,115.139999,114.411697,1102600
11/5/2018,115.639999,116.660004,114.559998,115.029999,114.302391,1194800
11/6/2018,114.540001,115.760002,114.160004,115.040001,114.312332,971700
11/7/2018,115.550003,118.349998,115.550003,118.160004,117.412598,1482400
11/8/2018,117.949997,119.489998,117.519997,119.220001,118.465897,937800
11/9/2018,118.690002,119.129997,116.5,117.620003,116.876022,946400
11/12/2018,117.589996,117.589996,114.019997,114.440002,113.716125,1166800
11/13/2018,115.089996,115.57,112.68,112.910004,112.195816,1083800
11/14/2018,113.970001,114.480003,112.110001,112.330002,111.619476,698900
11/15/2018,111.43,114.650002,110.660004,114.610001,113.885056,931200
11/16/2018,114.559998,117.980003,114.209999,117.050003,116.309624,1131200
11/19/2018,117,117.029999,113.169998,113.5,112.782074,1074300
11/20/2018,112.839996,113.07,110.769997,112.400002,111.689034,1157300
11/21/2018,113.25,113.629997,111.830002,112.690002,111.977203,705200
11/23/2018,112.059998,113.870003,111.480003,112.699997,111.987137,268500
11/26/2018,113.419998,113.889999,112.559998,113.25,112.533661,602700
11/27/2018,112.459999,113.709999,111.989998,113.120003,112.40448,804700
11/28/2018,113.519997,115.769997,113.089996,114.699997,113.97448,2371100
11/29/2018,114.220001,115.93,114.220001,114.959999,114.232841,936500
11/30/2018,115.129997,117.139999,114.839996,117.019997,116.279808,1256100
12/3/2018,117.599998,118.260002,116.099998,116.440002,115.703484,1539000
12/4/2018,116.099998,116.730003,111.790001,111.989998,111.281624,1618900
12/6/2018,110.68,112.910004,108.879997,112.910004,112.195816,1477700
12/7/2018,112.800003,113.129997,109,109.919998,109.224716,1044600
12/10/2018,109.959999,111.540001,107.68,111.099998,110.397255,811000
12/11/2018,112.290001,113.080002,109.779999,112.010002,111.301498,1861000
12/12/2018,113.489998,115.93,112.879997,112.949997,112.235558,2531800
12/13/2018,113.459999,114.099998,111.110001,112.360001,111.649284,1059100
12/14/2018,111.309998,111.690002,108.32,108.989998,108.300598,1024300
12/17/2018,108.510002,109.779999,106.860001,107.25,106.571609,1497600
12/18/2018,106.910004,108.25,104.690002,105.779999,105.110901,2039400
12/19/2018,104.470001,106.639999,103.809998,104.559998,103.898628,1934200
12/20/2018,104.089996,105.120003,100.459999,101.769997,101.126266,1783900
12/21/2018,101.879997,102.809998,98.75,99.379997,98.751389,3067100
12/24/2018,99.040001,99.379997,96.989998,97.230003,96.614998,931600
12/26/2018,97.599998,102.080002,97.300003,102.019997,101.374687,1619200
12/27/2018,100.25,101.730003,98.150002,101.709999,101.304962,1578900
12/28/2018,102,103.989998,101.559998,102.650002,102.241226,1860000
12/31/2018,103.040001,104.389999,102.43,103.720001,103.306961,1389700
1/2/2019,102.919998,103.68,101.449997,102.279999,101.872696,1152100
1/3/2019,101.699997,102.610001,99.849998,100.43,100.030067,1166100
1/4/2019,101.440002,104.190002,101.389999,103.860001,103.446404,1580400
1/7/2019,103.970001,105.25,103.620003,103.900002,103.486252,900300
1/8/2019,104.639999,106.260002,98.599998,101.57,101.165527,3259000
1/9/2019,102.709999,103.830002,101.720001,102.400002,101.992218,1513300
1/10/2019,101.910004,103.739998,101.199997,103.720001,103.306961,1485200
1/11/2019,103.440002,104.339996,102.550003,104.279999,103.864731,938800
1/14/2019,103.370003,103.849998,102.169998,102.690002,102.281075,1271100
1/15/2019,102.779999,104.18,102.720001,104.169998,103.755173,1037000
1/16/2019,104.25,105.709999,104.199997,105,104.581871,959600
1/17/2019,104.800003,106.790001,104.419998,106.220001,105.797005,1244000
1/18/2019,106.709999,107.029999,104.050003,105.339996,104.920509,2101200
1/22/2019,104.57,104.900002,103.169998,103.919998,103.506172,1252800
1/23/2019,104.440002,105.68,103.940002,104.779999,104.36274,887900
1/24/2019,104.860001,105.669998,104.050003,105.239998,104.820908,764400
1/25/2019,105.839996,108.389999,105.839996,107.410004,106.982269,1151600
1/28/2019,106.849998,107.099998,105.480003,105.839996,105.418518,974500
1/29/2019,105.82,106.620003,105.349998,105.660004,105.239243,961700
1/30/2019,106.379997,108.949997,105.860001,108.459999,108.028084,1076600
1/31/2019,108.599998,109.790001,107.760002,109.559998,109.123703,1303500
2/1/2019,115.260002,118.5,113.589996,116.599998,116.135674,2744500
2/4/2019,116.93,118.269997,115.660004,118.080002,117.609779,2140200
2/5/2019,118.230003,120,118.040001,118.32,117.848824,1583100
2/6/2019,117.709999,118.519997,116.989998,118.18,117.709381,966600
2/7/2019,118,120.339996,117.82,118.290001,117.818947,1985000
2/8/2019,117.519997,120.589996,117.519997,120.580002,120.099823,1318200
2/11/2019,121.230003,122.699997,120.610001,122.230003,121.743256,2094200
2/12/2019,122.75,124.139999,122.139999,123.949997,123.456398,2036700
2/13/2019,124.269997,124.440002,122.419998,123.559998,123.067955,981400
2/14/2019,122.989998,123.449997,122.440002,122.489998,122.002213,839800
2/15/2019,123.800003,124.230003,122.419998,123.650002,123.1576,1212500
2/19/2019,123.230003,124.110001,122.550003,123.559998,123.067955,1106400
2/20/2019,123.599998,124.529999,123.129997,123.980003,123.48629,912800
2/21/2019,124.029999,124.43,122.959999,123.480003,122.988281,846300
2/22/2019,123.449997,124.550003,123.150002,124.440002,123.944458,819900
2/25/2019,125,125.190002,123.07,123.900002,123.406601,912800
2/26/2019,123.93,124.629997,122.82,123.360001,122.868752,1059300
2/27/2019,122.650002,124.709999,122.650002,124.489998,123.994247,946900
2/28/2019,124.400002,124.75,123.489998,124.120003,123.625732,1093000
3/1/2019,124.919998,125.849998,124.540001,125.410004,124.910591,1254200
3/4/2019,125.860001,126.190002,123.389999,124.43,123.934494,770700
3/5/2019,124.300003,125.160004,123.400002,124.110001,123.615768,1037100
3/6/2019,124.150002,124.230003,122.5,123.239998,122.749229,844700
3/7/2019,123.309998,123.580002,121.080002,121.389999,120.906601,1047900
3/8/2019,121.169998,121.949997,120.080002,121.610001,121.125725,881200
3/11/2019,121.75,122.300003,120.919998,121.410004,120.926521,1442700
3/12/2019,121.75,122.809998,121.059998,122.68,122.19146,1258100
3/13/2019,123.160004,124.360001,122.050003,123.129997,122.639664,972400
3/14/2019,123.330002,123.830002,122.550003,122.940002,122.450424,1316200
3/15/2019,122.830002,125.940002,122.830002,125.919998,125.418556,2429200
3/18/2019,126.410004,126.849998,124.709999,125.32,124.820946,1272600
3/19/2019,125.57,126.080002,124.690002,125.720001,125.219353,1228200
3/20/2019,125.910004,128.509995,125.550003,127.43,126.922546,1987700
3/21/2019,126.849998,129.559998,126.839996,129.559998,129.044067,1401600
3/22/2019,128.679993,129,126.650002,126.68,126.175529,1195100
3/25/2019,126.360001,126.940002,124.410004,126.589996,126.085892,966600
3/26/2019,127.580002,128.199997,126.480003,126.919998,126.414574,808700
3/27/2019,126.660004,127.129997,124.989998,126.889999,126.384697,1145800
3/28/2019,126.860001,127.059998,125.599998,126.959999,126.694046,1736000
3/29/2019,127.559998,127.93,126.519997,127.699997,127.432487,1156300
4/1/2019,128.449997,128.509995,127.25,127.760002,127.492371,799300
4/2/2019,127.849998,127.849998,126.800003,127.5,127.23291,891600
4/3/2019,128.110001,128.729996,126.279999,126.480003,126.21505,1897400
4/4/2019,126.57,127.279999,125.870003,126.559998,126.294876,817000
4/5/2019,126.690002,127.540001,126.379997,127.209999,126.94352,794300
4/8/2019,128.919998,128.929993,127.010002,128.759995,128.490265,1260500
4/9/2019,128.320007,129.710007,128.100006,128.660004,128.390488,1183800
4/10/2019,128.630005,129.669998,128.610001,128.839996,128.570099,896800
4/11/2019,128.990005,129.009995,127.690002,128.539993,128.270721,878900
4/12/2019,128.880005,129.179993,127.75,127.919998,127.652031,999800
4/15/2019,128.429993,128.949997,127.639999,127.900002,127.632072,857300
4/16/2019,128.910004,129.539993,125.269997,125.519997,125.257057,920400
4/17/2019,125.839996,125.839996,119.010002,119.690002,119.439278,2338100
4/18/2019,119.660004,120.959999,118.019997,120,119.748627,1423100
4/22/2019,119.309998,122.370003,119.160004,121.199997,120.946106,1534800
4/23/2019,121.32,123.68,120.760002,122.760002,122.502846,1287600
4/24/2019,124.089996,125.580002,123,124.449997,124.189301,1230100
4/25/2019,124.07,125.449997,123.059998,124.720001,124.45874,1442700
4/26/2019,125,126.699997,119.5,123.860001,123.60054,3728600
4/29/2019,122.699997,123.650002,120.029999,120.830002,120.576889,2117200
4/30/2019,120.839996,123.269997,120.510002,123.160004,122.902008,1512400
5/1/2019,123.089996,123.309998,120.980003,121.220001,120.966072,1185900
5/2/2019,120.910004,123.599998,120.269997,123.209999,122.951897,1433600
5/3/2019,124,125.18,123.419998,124.309998,124.049591,851600
5/6/2019,122.169998,125.639999,121.809998,125.550003,125.287003,947900
5/7/2019,124.559998,125.209999,122.480003,123.389999,123.131523,1033400
5/8/2019,123.440002,123.489998,122.199997,122.559998,122.303261,705200
5/9/2019,121.389999,122.25,120.050003,121.910004,121.654625,810400
5/10/2019,121.379997,122.360001,118.800003,121.970001,121.7145,983300
5/13/2019,119.830002,120.400002,117.519997,118.660004,118.41143,1081800
5/14/2019,119.029999,120.050003,118.589996,118.75,118.501244,751300
5/15/2019,118.25,119.209999,117.150002,118.550003,118.301666,765700
5/16/2019,118.980003,119.669998,117.669998,118.080002,117.832649,1066700
5/17/2019,116.910004,117.93,115.599998,116.419998,116.176125,1337300
5/20/2019,115.860001,116.739998,115.169998,115.919998,115.67717,1250400
5/21/2019,116.760002,117.019997,116.050003,116.110001,115.866776,1228400
5/22/2019,116.07,116.089996,114.599998,115.150002,114.908783,1104900
5/23/2019,114.989998,115.209999,112.43,113.959999,113.721275,1215100
5/24/2019,114.080002,115.059998,114,114.519997,114.280098,586400
5/28/2019,114.639999,115,112,112.139999,111.90509,842000
5/29/2019,112.260002,113.309998,111.169998,112.220001,111.984924,1250600
5/30/2019,112.43,113.540001,112.050003,112.889999,112.653519,628900
5/31/2019,111.760002,114.220001,111.440002,113.93,113.691338,1381000
6/3/2019,114.120003,115.43,113.43,114.300003,114.06057,985500
6/4/2019,115.25,117.589996,114.379997,117.410004,117.164055,1091200
6/5/2019,118.379997,119.57,117.209999,118.540001,118.291679,1242800
6/6/2019,118.800003,120.82,118.190002,120.309998,120.057968,1201900
6/7/2019,120.910004,121.110001,119.459999,120.730003,120.477097,758900
6/10/2019,121.339996,122.260002,120.559998,121.709999,121.45504,711500
6/11/2019,122.93,123.669998,119.330002,120.480003,120.227623,754800
6/12/2019,120.32,121.300003,120,120.690002,120.43718,785100
6/13/2019,120.699997,120.849998,119.099998,119.790001,119.539063,819000
6/14/2019,119.809998,120.099998,116.870003,117.449997,117.203964,1326500
6/17/2019,117.370003,118.160004,116.800003,117.730003,117.483383,933100
6/18/2019,118.690002,119.099998,117.879997,118.120003,117.872566,916600
6/19/2019,118.040001,120.019997,117.709999,119.370003,119.119949,1135400
6/20/2019,119,120.139999,116.129997,119.709999,119.459229,1479100
6/21/2019,119.900002,120.150002,118,118.290001,118.042206,2131600
6/24/2019,118.290001,118.389999,117,117.419998,117.174026,843900
6/25/2019,117.669998,118.209999,116.529999,116.699997,116.455536,884300
6/26/2019,116.93,117,114.209999,114.57,114.329994,1609700
6/27/2019,115.120003,115.940002,114.970001,115.379997,115.379997,1139900
6/28/2019,115.669998,117.760002,114.900002,117.739998,117.739998,2577800
7/1/2019,118.800003,119.339996,116.260002,117.309998,117.309998,1213800
7/2/2019,117.639999,117.769997,116.32,116.730003,116.730003,1147600
7/3/2019,117.629997,118.160004,116.900002,117.650002,117.650002,766100
7/5/2019,116.889999,118.209999,116.230003,117.809998,117.809998,910300
7/8/2019,117.879997,120.769997,117.230003,120.699997,120.699997,1596500
7/9/2019,120.559998,121.099998,119.379997,120.690002,120.690002,913100
